-- Inserts Iniciales Base de Datos 

--INSERTS ENTIDAD---

Insert into ENTIDAD (ID_ENTIDAD_PK,NOMBRE_ENTIDAD) values (2,'Baja California');
Insert into ENTIDAD (ID_ENTIDAD_PK,NOMBRE_ENTIDAD) values (6,'Colima');
Insert into ENTIDAD (ID_ENTIDAD_PK,NOMBRE_ENTIDAD) values (4,'Campeche');
Insert into ENTIDAD (ID_ENTIDAD_PK,NOMBRE_ENTIDAD) values (20,'Oaxaca');
Insert into ENTIDAD (ID_ENTIDAD_PK,NOMBRE_ENTIDAD) values (30,'Veracruz de Ignacio de la Llave');
Insert into ENTIDAD (ID_ENTIDAD_PK,NOMBRE_ENTIDAD) values (32,'Zacatecas');
Insert into ENTIDAD (ID_ENTIDAD_PK,NOMBRE_ENTIDAD) values (25,'Sinaloa');
Insert into ENTIDAD (ID_ENTIDAD_PK,NOMBRE_ENTIDAD) values (27,'Tabasco');
Insert into ENTIDAD (ID_ENTIDAD_PK,NOMBRE_ENTIDAD) values (29,'Tlaxcala');
Insert into ENTIDAD (ID_ENTIDAD_PK,NOMBRE_ENTIDAD) values (22,'Querétaro');
Insert into ENTIDAD (ID_ENTIDAD_PK,NOMBRE_ENTIDAD) values (31,'Yucatán');
Insert into ENTIDAD (ID_ENTIDAD_PK,NOMBRE_ENTIDAD) values (7,'Chiapas');
Insert into ENTIDAD (ID_ENTIDAD_PK,NOMBRE_ENTIDAD) values (28,'Tamaulipas');
Insert into ENTIDAD (ID_ENTIDAD_PK,NOMBRE_ENTIDAD) values (23,'Quintana Roo');
Insert into ENTIDAD (ID_ENTIDAD_PK,NOMBRE_ENTIDAD) values (1,'Aguascalientes');
Insert into ENTIDAD (ID_ENTIDAD_PK,NOMBRE_ENTIDAD) values (18,'Nayarit');
Insert into ENTIDAD (ID_ENTIDAD_PK,NOMBRE_ENTIDAD) values (10,'Durango');
Insert into ENTIDAD (ID_ENTIDAD_PK,NOMBRE_ENTIDAD) values (3,'Baja California Sur');
Insert into ENTIDAD (ID_ENTIDAD_PK,NOMBRE_ENTIDAD) values (19,'Nuevo León');
Insert into ENTIDAD (ID_ENTIDAD_PK,NOMBRE_ENTIDAD) values (14,'Jalisco');
Insert into ENTIDAD (ID_ENTIDAD_PK,NOMBRE_ENTIDAD) values (5,'Coahuila de Zaragoza');
Insert into ENTIDAD (ID_ENTIDAD_PK,NOMBRE_ENTIDAD) values (13,'Hidalgo');
Insert into ENTIDAD (ID_ENTIDAD_PK,NOMBRE_ENTIDAD) values (26,'Sonora');
Insert into ENTIDAD (ID_ENTIDAD_PK,NOMBRE_ENTIDAD) values (15,'México');
Insert into ENTIDAD (ID_ENTIDAD_PK,NOMBRE_ENTIDAD) values (17,'Morelos');
Insert into ENTIDAD (ID_ENTIDAD_PK,NOMBRE_ENTIDAD) values (24,'San Luis Potosí');
Insert into ENTIDAD (ID_ENTIDAD_PK,NOMBRE_ENTIDAD) values (16,'Michoacán de Ocampo');
Insert into ENTIDAD (ID_ENTIDAD_PK,NOMBRE_ENTIDAD) values (21,'Puebla');
Insert into ENTIDAD (ID_ENTIDAD_PK,NOMBRE_ENTIDAD) values (11,'Guanajuato');
Insert into ENTIDAD (ID_ENTIDAD_PK,NOMBRE_ENTIDAD) values (12,'Guerrero');
Insert into ENTIDAD (ID_ENTIDAD_PK,NOMBRE_ENTIDAD) values (9,'Distrito Federal');
Insert into ENTIDAD (ID_ENTIDAD_PK,NOMBRE_ENTIDAD) values (8,'Chihuahua');
Insert into ENTIDAD (ID_ENTIDAD_PK,NOMBRE_ENTIDAD) values (100000,'SIN REGISTRO');


--INSERTS MUNICIPIOS---
Insert into MUNICIPIOS (ID_MUNICIPIO_PK,NOMBRE_MUNICIPIO,ID_ENTIDAD_FK) values (9010,'Álvaro Obregón',9);
Insert into MUNICIPIOS (ID_MUNICIPIO_PK,NOMBRE_MUNICIPIO,ID_ENTIDAD_FK) values (9002,'Azcapotzalco',9);
Insert into MUNICIPIOS (ID_MUNICIPIO_PK,NOMBRE_MUNICIPIO,ID_ENTIDAD_FK) values (9014,'Benito Juárez',9);
Insert into MUNICIPIOS (ID_MUNICIPIO_PK,NOMBRE_MUNICIPIO,ID_ENTIDAD_FK) values (9003,'Coyoacán',9);
Insert into MUNICIPIOS (ID_MUNICIPIO_PK,NOMBRE_MUNICIPIO,ID_ENTIDAD_FK) values (9004,'Cuajimalpa de Morelos',9);
Insert into MUNICIPIOS (ID_MUNICIPIO_PK,NOMBRE_MUNICIPIO,ID_ENTIDAD_FK) values (9015,'Cuauhtémoc',9);
Insert into MUNICIPIOS (ID_MUNICIPIO_PK,NOMBRE_MUNICIPIO,ID_ENTIDAD_FK) values (9005,'Gustavo A. Madero',9);
Insert into MUNICIPIOS (ID_MUNICIPIO_PK,NOMBRE_MUNICIPIO,ID_ENTIDAD_FK) values (9006,'Iztacalco',9);
Insert into MUNICIPIOS (ID_MUNICIPIO_PK,NOMBRE_MUNICIPIO,ID_ENTIDAD_FK) values (9007,'Iztapalapa',9);
Insert into MUNICIPIOS (ID_MUNICIPIO_PK,NOMBRE_MUNICIPIO,ID_ENTIDAD_FK) values (9008,'La Magdalena Contreras',9);
Insert into MUNICIPIOS (ID_MUNICIPIO_PK,NOMBRE_MUNICIPIO,ID_ENTIDAD_FK) values (9016,'Miguel Hidalgo',9);
Insert into MUNICIPIOS (ID_MUNICIPIO_PK,NOMBRE_MUNICIPIO,ID_ENTIDAD_FK) values (9009,'Milpa Alta',9);
Insert into MUNICIPIOS (ID_MUNICIPIO_PK,NOMBRE_MUNICIPIO,ID_ENTIDAD_FK) values (9011,'Tláhuac',9);
Insert into MUNICIPIOS (ID_MUNICIPIO_PK,NOMBRE_MUNICIPIO,ID_ENTIDAD_FK) values (9012,'Tlalpan',9);
Insert into MUNICIPIOS (ID_MUNICIPIO_PK,NOMBRE_MUNICIPIO,ID_ENTIDAD_FK) values (9017,'Venustiano Carranza',9);
Insert into MUNICIPIOS (ID_MUNICIPIO_PK,NOMBRE_MUNICIPIO,ID_ENTIDAD_FK) values (9013,'Xochimilco',9);
Insert into MUNICIPIOS (ID_MUNICIPIO_PK,NOMBRE_MUNICIPIO,ID_ENTIDAD_FK) values (1001,'Aguascalientes',1);
Insert into MUNICIPIOS (ID_MUNICIPIO_PK,NOMBRE_MUNICIPIO,ID_ENTIDAD_FK) values (1011,'San Francisco de los Romo',1);
Insert into MUNICIPIOS (ID_MUNICIPIO_PK,NOMBRE_MUNICIPIO,ID_ENTIDAD_FK) values (1010,'El Llano',1);
Insert into MUNICIPIOS (ID_MUNICIPIO_PK,NOMBRE_MUNICIPIO,ID_ENTIDAD_FK) values (1007,'Rincón de Romos',1);
Insert into MUNICIPIOS (ID_MUNICIPIO_PK,NOMBRE_MUNICIPIO,ID_ENTIDAD_FK) values (1004,'Cosío',1);
Insert into MUNICIPIOS (ID_MUNICIPIO_PK,NOMBRE_MUNICIPIO,ID_ENTIDAD_FK) values (1008,'San José de Gracia',1);
Insert into MUNICIPIOS (ID_MUNICIPIO_PK,NOMBRE_MUNICIPIO,ID_ENTIDAD_FK) values (1009,'Tepezalá',1);
Insert into MUNICIPIOS (ID_MUNICIPIO_PK,NOMBRE_MUNICIPIO,ID_ENTIDAD_FK) values (1006,'Pabellón de Arteaga',1);
Insert into MUNICIPIOS (ID_MUNICIPIO_PK,NOMBRE_MUNICIPIO,ID_ENTIDAD_FK) values (1002,'Asientos',1);
Insert into MUNICIPIOS (ID_MUNICIPIO_PK,NOMBRE_MUNICIPIO,ID_ENTIDAD_FK) values (1003,'Calvillo',1);
Insert into MUNICIPIOS (ID_MUNICIPIO_PK,NOMBRE_MUNICIPIO,ID_ENTIDAD_FK) values (1005,'Jesús María',1);
Insert into MUNICIPIOS (ID_MUNICIPIO_PK,NOMBRE_MUNICIPIO,ID_ENTIDAD_FK) values (2002,'Mexicali',2);
Insert into MUNICIPIOS (ID_MUNICIPIO_PK,NOMBRE_MUNICIPIO,ID_ENTIDAD_FK) values (2003,'Tecate',2);
Insert into MUNICIPIOS (ID_MUNICIPIO_PK,NOMBRE_MUNICIPIO,ID_ENTIDAD_FK) values (2004,'Tijuana',2);
Insert into MUNICIPIOS (ID_MUNICIPIO_PK,NOMBRE_MUNICIPIO,ID_ENTIDAD_FK) values (2005,'Playas de Rosarito',2);
Insert into MUNICIPIOS (ID_MUNICIPIO_PK,NOMBRE_MUNICIPIO,ID_ENTIDAD_FK) values (2001,'Ensenada',2);
Insert into MUNICIPIOS (ID_MUNICIPIO_PK,NOMBRE_MUNICIPIO,ID_ENTIDAD_FK) values (3003,'La Paz',3);
Insert into MUNICIPIOS (ID_MUNICIPIO_PK,NOMBRE_MUNICIPIO,ID_ENTIDAD_FK) values (3008,'Los Cabos',3);
Insert into MUNICIPIOS (ID_MUNICIPIO_PK,NOMBRE_MUNICIPIO,ID_ENTIDAD_FK) values (3001,'Comondú',3);
Insert into MUNICIPIOS (ID_MUNICIPIO_PK,NOMBRE_MUNICIPIO,ID_ENTIDAD_FK) values (3009,'Loreto',3);
Insert into MUNICIPIOS (ID_MUNICIPIO_PK,NOMBRE_MUNICIPIO,ID_ENTIDAD_FK) values (3002,'Mulegé',3);
Insert into MUNICIPIOS (ID_MUNICIPIO_PK,NOMBRE_MUNICIPIO,ID_ENTIDAD_FK) values (4002,'Campeche',4);
Insert into MUNICIPIOS (ID_MUNICIPIO_PK,NOMBRE_MUNICIPIO,ID_ENTIDAD_FK) values (4003,'Carmen',4);
Insert into MUNICIPIOS (ID_MUNICIPIO_PK,NOMBRE_MUNICIPIO,ID_ENTIDAD_FK) values (4007,'Palizada',4);
Insert into MUNICIPIOS (ID_MUNICIPIO_PK,NOMBRE_MUNICIPIO,ID_ENTIDAD_FK) values (4011,'Candelaria',4);
Insert into MUNICIPIOS (ID_MUNICIPIO_PK,NOMBRE_MUNICIPIO,ID_ENTIDAD_FK) values (4009,'Escárcega',4);
Insert into MUNICIPIOS (ID_MUNICIPIO_PK,NOMBRE_MUNICIPIO,ID_ENTIDAD_FK) values (4004,'Champotón',4);
Insert into MUNICIPIOS (ID_MUNICIPIO_PK,NOMBRE_MUNICIPIO,ID_ENTIDAD_FK) values (4006,'Hopelchén',4);
Insert into MUNICIPIOS (ID_MUNICIPIO_PK,NOMBRE_MUNICIPIO,ID_ENTIDAD_FK) values (4010,'Calakmul',4);
Insert into MUNICIPIOS (ID_MUNICIPIO_PK,NOMBRE_MUNICIPIO,ID_ENTIDAD_FK) values (4008,'Tenabo',4);
Insert into MUNICIPIOS (ID_MUNICIPIO_PK,NOMBRE_MUNICIPIO,ID_ENTIDAD_FK) values (4005,'Hecelchakán',4);
Insert into MUNICIPIOS (ID_MUNICIPIO_PK,NOMBRE_MUNICIPIO,ID_ENTIDAD_FK) values (4001,'Calkiní',4);
Insert into MUNICIPIOS (ID_MUNICIPIO_PK,NOMBRE_MUNICIPIO,ID_ENTIDAD_FK) values (5030,'Saltillo',5);
Insert into MUNICIPIOS (ID_MUNICIPIO_PK,NOMBRE_MUNICIPIO,ID_ENTIDAD_FK) values (5004,'Arteaga',5);
Insert into MUNICIPIOS (ID_MUNICIPIO_PK,NOMBRE_MUNICIPIO,ID_ENTIDAD_FK) values (5015,'Juárez',5);
Insert into MUNICIPIOS (ID_MUNICIPIO_PK,NOMBRE_MUNICIPIO,ID_ENTIDAD_FK) values (5026,'Progreso',5);
Insert into MUNICIPIOS (ID_MUNICIPIO_PK,NOMBRE_MUNICIPIO,ID_ENTIDAD_FK) values (5008,'Escobedo',5);
Insert into MUNICIPIOS (ID_MUNICIPIO_PK,NOMBRE_MUNICIPIO,ID_ENTIDAD_FK) values (5031,'San Buenaventura',5);
Insert into MUNICIPIOS (ID_MUNICIPIO_PK,NOMBRE_MUNICIPIO,ID_ENTIDAD_FK) values (5001,'Abasolo',5);
Insert into MUNICIPIOS (ID_MUNICIPIO_PK,NOMBRE_MUNICIPIO,ID_ENTIDAD_FK) values (5005,'Candela',5);
Insert into MUNICIPIOS (ID_MUNICIPIO_PK,NOMBRE_MUNICIPIO,ID_ENTIDAD_FK) values (5010,'Frontera',5);
Insert into MUNICIPIOS (ID_MUNICIPIO_PK,NOMBRE_MUNICIPIO,ID_ENTIDAD_FK) values (5018,'Monclova',5);
Insert into MUNICIPIOS (ID_MUNICIPIO_PK,NOMBRE_MUNICIPIO,ID_ENTIDAD_FK) values (5006,'Castaños',5);
Insert into MUNICIPIOS (ID_MUNICIPIO_PK,NOMBRE_MUNICIPIO,ID_ENTIDAD_FK) values (5027,'Ramos Arizpe',5);
Insert into MUNICIPIOS (ID_MUNICIPIO_PK,NOMBRE_MUNICIPIO,ID_ENTIDAD_FK) values (5011,'General Cepeda',5);
Insert into MUNICIPIOS (ID_MUNICIPIO_PK,NOMBRE_MUNICIPIO,ID_ENTIDAD_FK) values (5025,'Piedras Negras',5);
Insert into MUNICIPIOS (ID_MUNICIPIO_PK,NOMBRE_MUNICIPIO,ID_ENTIDAD_FK) values (5022,'Nava',5);
Insert into MUNICIPIOS (ID_MUNICIPIO_PK,NOMBRE_MUNICIPIO,ID_ENTIDAD_FK) values (5002,'Acuña',5);
Insert into MUNICIPIOS (ID_MUNICIPIO_PK,NOMBRE_MUNICIPIO,ID_ENTIDAD_FK) values (5020,'Múzquiz',5);
Insert into MUNICIPIOS (ID_MUNICIPIO_PK,NOMBRE_MUNICIPIO,ID_ENTIDAD_FK) values (5014,'Jiménez',5);
Insert into MUNICIPIOS (ID_MUNICIPIO_PK,NOMBRE_MUNICIPIO,ID_ENTIDAD_FK) values (5038,'Zaragoza',5);
Insert into MUNICIPIOS (ID_MUNICIPIO_PK,NOMBRE_MUNICIPIO,ID_ENTIDAD_FK) values (5019,'Morelos',5);
Insert into MUNICIPIOS (ID_MUNICIPIO_PK,NOMBRE_MUNICIPIO,ID_ENTIDAD_FK) values (5003,'Allende',5);
Insert into MUNICIPIOS (ID_MUNICIPIO_PK,NOMBRE_MUNICIPIO,ID_ENTIDAD_FK) values (5037,'Villa Unión',5);
Insert into MUNICIPIOS (ID_MUNICIPIO_PK,NOMBRE_MUNICIPIO,ID_ENTIDAD_FK) values (5012,'Guerrero',5);
Insert into MUNICIPIOS (ID_MUNICIPIO_PK,NOMBRE_MUNICIPIO,ID_ENTIDAD_FK) values (5013,'Hidalgo',5);
Insert into MUNICIPIOS (ID_MUNICIPIO_PK,NOMBRE_MUNICIPIO,ID_ENTIDAD_FK) values (5028,'Sabinas',5);
Insert into MUNICIPIOS (ID_MUNICIPIO_PK,NOMBRE_MUNICIPIO,ID_ENTIDAD_FK) values (5032,'San Juan de Sabinas',5);
Insert into MUNICIPIOS (ID_MUNICIPIO_PK,NOMBRE_MUNICIPIO,ID_ENTIDAD_FK) values (5035,'Torreón',5);
Insert into MUNICIPIOS (ID_MUNICIPIO_PK,NOMBRE_MUNICIPIO,ID_ENTIDAD_FK) values (5017,'Matamoros',5);
Insert into MUNICIPIOS (ID_MUNICIPIO_PK,NOMBRE_MUNICIPIO,ID_ENTIDAD_FK) values (5036,'Viesca',5);
Insert into MUNICIPIOS (ID_MUNICIPIO_PK,NOMBRE_MUNICIPIO,ID_ENTIDAD_FK) values (5023,'Ocampo',5);
Insert into MUNICIPIOS (ID_MUNICIPIO_PK,NOMBRE_MUNICIPIO,ID_ENTIDAD_FK) values (5021,'Nadadores',5);
Insert into MUNICIPIOS (ID_MUNICIPIO_PK,NOMBRE_MUNICIPIO,ID_ENTIDAD_FK) values (5034,'Sierra Mojada',5);
Insert into MUNICIPIOS (ID_MUNICIPIO_PK,NOMBRE_MUNICIPIO,ID_ENTIDAD_FK) values (5007,'Cuatro Ciénegas',5);
Insert into MUNICIPIOS (ID_MUNICIPIO_PK,NOMBRE_MUNICIPIO,ID_ENTIDAD_FK) values (5016,'Lamadrid',5);
Insert into MUNICIPIOS (ID_MUNICIPIO_PK,NOMBRE_MUNICIPIO,ID_ENTIDAD_FK) values (5029,'Sacramento',5);
Insert into MUNICIPIOS (ID_MUNICIPIO_PK,NOMBRE_MUNICIPIO,ID_ENTIDAD_FK) values (5033,'San Pedro',5);
Insert into MUNICIPIOS (ID_MUNICIPIO_PK,NOMBRE_MUNICIPIO,ID_ENTIDAD_FK) values (5009,'Francisco I. Madero',5);
Insert into MUNICIPIOS (ID_MUNICIPIO_PK,NOMBRE_MUNICIPIO,ID_ENTIDAD_FK) values (5024,'Parras',5);
Insert into MUNICIPIOS (ID_MUNICIPIO_PK,NOMBRE_MUNICIPIO,ID_ENTIDAD_FK) values (6002,'Colima',6);
Insert into MUNICIPIOS (ID_MUNICIPIO_PK,NOMBRE_MUNICIPIO,ID_ENTIDAD_FK) values (6009,'Tecomán',6);
Insert into MUNICIPIOS (ID_MUNICIPIO_PK,NOMBRE_MUNICIPIO,ID_ENTIDAD_FK) values (6007,'Manzanillo',6);
Insert into MUNICIPIOS (ID_MUNICIPIO_PK,NOMBRE_MUNICIPIO,ID_ENTIDAD_FK) values (6001,'Armería',6);
Insert into MUNICIPIOS (ID_MUNICIPIO_PK,NOMBRE_MUNICIPIO,ID_ENTIDAD_FK) values (6004,'Coquimatlán',6);
Insert into MUNICIPIOS (ID_MUNICIPIO_PK,NOMBRE_MUNICIPIO,ID_ENTIDAD_FK) values (6003,'Comala',6);
Insert into MUNICIPIOS (ID_MUNICIPIO_PK,NOMBRE_MUNICIPIO,ID_ENTIDAD_FK) values (6005,'Cuauhtémoc',6);
Insert into MUNICIPIOS (ID_MUNICIPIO_PK,NOMBRE_MUNICIPIO,ID_ENTIDAD_FK) values (6006,'Ixtlahuacán',6);
Insert into MUNICIPIOS (ID_MUNICIPIO_PK,NOMBRE_MUNICIPIO,ID_ENTIDAD_FK) values (6008,'Minatitlán',6);
Insert into MUNICIPIOS (ID_MUNICIPIO_PK,NOMBRE_MUNICIPIO,ID_ENTIDAD_FK) values (6010,'Villa de Álvarez',6);
Insert into MUNICIPIOS (ID_MUNICIPIO_PK,NOMBRE_MUNICIPIO,ID_ENTIDAD_FK) values (7101,'Tuxtla Gutiérrez',7);
Insert into MUNICIPIOS (ID_MUNICIPIO_PK,NOMBRE_MUNICIPIO,ID_ENTIDAD_FK) values (7079,'San Fernando',7);
Insert into MUNICIPIOS (ID_MUNICIPIO_PK,NOMBRE_MUNICIPIO,ID_ENTIDAD_FK) values (7012,'Berriozábal',7);
Insert into MUNICIPIOS (ID_MUNICIPIO_PK,NOMBRE_MUNICIPIO,ID_ENTIDAD_FK) values (7061,'Ocozocoautla de Espinosa',7);
Insert into MUNICIPIOS (ID_MUNICIPIO_PK,NOMBRE_MUNICIPIO,ID_ENTIDAD_FK) values (7086,'Suchiapa',7);
Insert into MUNICIPIOS (ID_MUNICIPIO_PK,NOMBRE_MUNICIPIO,ID_ENTIDAD_FK) values (7027,'Chiapa de Corzo',7);
Insert into MUNICIPIOS (ID_MUNICIPIO_PK,NOMBRE_MUNICIPIO,ID_ENTIDAD_FK) values (7063,'Osumacinta',7);
Insert into MUNICIPIOS (ID_MUNICIPIO_PK,NOMBRE_MUNICIPIO,ID_ENTIDAD_FK) values (7078,'San Cristóbal de las Casas',7);
Insert into MUNICIPIOS (ID_MUNICIPIO_PK,NOMBRE_MUNICIPIO,ID_ENTIDAD_FK) values (7023,'Chamula',7);
Insert into MUNICIPIOS (ID_MUNICIPIO_PK,NOMBRE_MUNICIPIO,ID_ENTIDAD_FK) values (7044,'Ixtapa',7);
Insert into MUNICIPIOS (ID_MUNICIPIO_PK,NOMBRE_MUNICIPIO,ID_ENTIDAD_FK) values (7111,'Zinacantán',7);
Insert into MUNICIPIOS (ID_MUNICIPIO_PK,NOMBRE_MUNICIPIO,ID_ENTIDAD_FK) values (7002,'Acala',7);
Insert into MUNICIPIOS (ID_MUNICIPIO_PK,NOMBRE_MUNICIPIO,ID_ENTIDAD_FK) values (7028,'Chiapilla',7);
Insert into MUNICIPIOS (ID_MUNICIPIO_PK,NOMBRE_MUNICIPIO,ID_ENTIDAD_FK) values (7110,'San Lucas',7);
Insert into MUNICIPIOS (ID_MUNICIPIO_PK,NOMBRE_MUNICIPIO,ID_ENTIDAD_FK) values (7094,'Teopisca',7);
Insert into MUNICIPIOS (ID_MUNICIPIO_PK,NOMBRE_MUNICIPIO,ID_ENTIDAD_FK) values (7007,'Amatenango del Valle',7);
Insert into MUNICIPIOS (ID_MUNICIPIO_PK,NOMBRE_MUNICIPIO,ID_ENTIDAD_FK) values (7024,'Chanal',7);
Insert into MUNICIPIOS (ID_MUNICIPIO_PK,NOMBRE_MUNICIPIO,ID_ENTIDAD_FK) values (7064,'Oxchuc',7);
Insert into MUNICIPIOS (ID_MUNICIPIO_PK,NOMBRE_MUNICIPIO,ID_ENTIDAD_FK) values (7038,'Huixtán',7);
Insert into MUNICIPIOS (ID_MUNICIPIO_PK,NOMBRE_MUNICIPIO,ID_ENTIDAD_FK) values (7093,'Tenejapa',7);
Insert into MUNICIPIOS (ID_MUNICIPIO_PK,NOMBRE_MUNICIPIO,ID_ENTIDAD_FK) values (7056,'Mitontic',7);
Insert into MUNICIPIOS (ID_MUNICIPIO_PK,NOMBRE_MUNICIPIO,ID_ENTIDAD_FK) values (7074,'Reforma',7);
Insert into MUNICIPIOS (ID_MUNICIPIO_PK,NOMBRE_MUNICIPIO,ID_ENTIDAD_FK) values (7048,'Juárez',7);
Insert into MUNICIPIOS (ID_MUNICIPIO_PK,NOMBRE_MUNICIPIO,ID_ENTIDAD_FK) values (7068,'Pichucalco',7);
Insert into MUNICIPIOS (ID_MUNICIPIO_PK,NOMBRE_MUNICIPIO,ID_ENTIDAD_FK) values (7088,'Sunuapa',7);
Insert into MUNICIPIOS (ID_MUNICIPIO_PK,NOMBRE_MUNICIPIO,ID_ENTIDAD_FK) values (7062,'Ostuacán',7);
Insert into MUNICIPIOS (ID_MUNICIPIO_PK,NOMBRE_MUNICIPIO,ID_ENTIDAD_FK) values (7033,'Francisco León',7);
Insert into MUNICIPIOS (ID_MUNICIPIO_PK,NOMBRE_MUNICIPIO,ID_ENTIDAD_FK) values (7043,'Ixtacomitán',7);
Insert into MUNICIPIOS (ID_MUNICIPIO_PK,NOMBRE_MUNICIPIO,ID_ENTIDAD_FK) values (7084,'Solosuchiapa',7);
Insert into MUNICIPIOS (ID_MUNICIPIO_PK,NOMBRE_MUNICIPIO,ID_ENTIDAD_FK) values (7045,'Ixtapangajoya',7);
Insert into MUNICIPIOS (ID_MUNICIPIO_PK,NOMBRE_MUNICIPIO,ID_ENTIDAD_FK) values (7092,'Tecpatán',7);
Insert into MUNICIPIOS (ID_MUNICIPIO_PK,NOMBRE_MUNICIPIO,ID_ENTIDAD_FK) values (7021,'Copainalá',7);
Insert into MUNICIPIOS (ID_MUNICIPIO_PK,NOMBRE_MUNICIPIO,ID_ENTIDAD_FK) values (7029,'Chicoasén',7);
Insert into MUNICIPIOS (ID_MUNICIPIO_PK,NOMBRE_MUNICIPIO,ID_ENTIDAD_FK) values (7018,'Coapilla',7);
Insert into MUNICIPIOS (ID_MUNICIPIO_PK,NOMBRE_MUNICIPIO,ID_ENTIDAD_FK) values (7067,'Pantepec',7);
Insert into MUNICIPIOS (ID_MUNICIPIO_PK,NOMBRE_MUNICIPIO,ID_ENTIDAD_FK) values (7090,'Tapalapa',7);
Insert into MUNICIPIOS (ID_MUNICIPIO_PK,NOMBRE_MUNICIPIO,ID_ENTIDAD_FK) values (7060,'Ocotepec',7);
Insert into MUNICIPIOS (ID_MUNICIPIO_PK,NOMBRE_MUNICIPIO,ID_ENTIDAD_FK) values (7025,'Chapultenango',7);
Insert into MUNICIPIOS (ID_MUNICIPIO_PK,NOMBRE_MUNICIPIO,ID_ENTIDAD_FK) values (7005,'Amatán',7);
Insert into MUNICIPIOS (ID_MUNICIPIO_PK,NOMBRE_MUNICIPIO,ID_ENTIDAD_FK) values (7039,'Huitiupán',7);
Insert into MUNICIPIOS (ID_MUNICIPIO_PK,NOMBRE_MUNICIPIO,ID_ENTIDAD_FK) values (7042,'Ixhuatán',7);
Insert into MUNICIPIOS (ID_MUNICIPIO_PK,NOMBRE_MUNICIPIO,ID_ENTIDAD_FK) values (7091,'Tapilula',7);
Insert into MUNICIPIOS (ID_MUNICIPIO_PK,NOMBRE_MUNICIPIO,ID_ENTIDAD_FK) values (7073,'Rayón',7);
Insert into MUNICIPIOS (ID_MUNICIPIO_PK,NOMBRE_MUNICIPIO,ID_ENTIDAD_FK) values (7072,'Pueblo Nuevo Solistahuacán',7);
Insert into MUNICIPIOS (ID_MUNICIPIO_PK,NOMBRE_MUNICIPIO,ID_ENTIDAD_FK) values (7047,'Jitotol',7);
Insert into MUNICIPIOS (ID_MUNICIPIO_PK,NOMBRE_MUNICIPIO,ID_ENTIDAD_FK) values (7013,'Bochil',7);
Insert into MUNICIPIOS (ID_MUNICIPIO_PK,NOMBRE_MUNICIPIO,ID_ENTIDAD_FK) values (7085,'Soyaló',7);
Insert into MUNICIPIOS (ID_MUNICIPIO_PK,NOMBRE_MUNICIPIO,ID_ENTIDAD_FK) values (7112,'San Juan Cancuc',7);
Insert into MUNICIPIOS (ID_MUNICIPIO_PK,NOMBRE_MUNICIPIO,ID_ENTIDAD_FK) values (7076,'Sabanilla',7);
Insert into MUNICIPIOS (ID_MUNICIPIO_PK,NOMBRE_MUNICIPIO,ID_ENTIDAD_FK) values (7081,'Simojovel',7);
Insert into MUNICIPIOS (ID_MUNICIPIO_PK,NOMBRE_MUNICIPIO,ID_ENTIDAD_FK) values (7118,'San Andrés Duraznal',7);
Insert into MUNICIPIOS (ID_MUNICIPIO_PK,NOMBRE_MUNICIPIO,ID_ENTIDAD_FK) values (7014,'El Bosque',7);
Insert into MUNICIPIOS (ID_MUNICIPIO_PK,NOMBRE_MUNICIPIO,ID_ENTIDAD_FK) values (7022,'Chalchihuitán',7);
Insert into MUNICIPIOS (ID_MUNICIPIO_PK,NOMBRE_MUNICIPIO,ID_ENTIDAD_FK) values (7049,'Larráinzar',7);
Insert into MUNICIPIOS (ID_MUNICIPIO_PK,NOMBRE_MUNICIPIO,ID_ENTIDAD_FK) values (7119,'Santiago el Pinar',7);
Insert into MUNICIPIOS (ID_MUNICIPIO_PK,NOMBRE_MUNICIPIO,ID_ENTIDAD_FK) values (7026,'Chenalhó',7);
Insert into MUNICIPIOS (ID_MUNICIPIO_PK,NOMBRE_MUNICIPIO,ID_ENTIDAD_FK) values (7113,'Aldama',7);
Insert into MUNICIPIOS (ID_MUNICIPIO_PK,NOMBRE_MUNICIPIO,ID_ENTIDAD_FK) values (7066,'Pantelhó',7);
Insert into MUNICIPIOS (ID_MUNICIPIO_PK,NOMBRE_MUNICIPIO,ID_ENTIDAD_FK) values (7082,'Sitalá',7);
Insert into MUNICIPIOS (ID_MUNICIPIO_PK,NOMBRE_MUNICIPIO,ID_ENTIDAD_FK) values (7077,'Salto de Agua',7);
Insert into MUNICIPIOS (ID_MUNICIPIO_PK,NOMBRE_MUNICIPIO,ID_ENTIDAD_FK) values (7096,'Tila',7);
Insert into MUNICIPIOS (ID_MUNICIPIO_PK,NOMBRE_MUNICIPIO,ID_ENTIDAD_FK) values (7100,'Tumbalá',7);
Insert into MUNICIPIOS (ID_MUNICIPIO_PK,NOMBRE_MUNICIPIO,ID_ENTIDAD_FK) values (7109,'Yajalón',7);
Insert into MUNICIPIOS (ID_MUNICIPIO_PK,NOMBRE_MUNICIPIO,ID_ENTIDAD_FK) values (7059,'Ocosingo',7);
Insert into MUNICIPIOS (ID_MUNICIPIO_PK,NOMBRE_MUNICIPIO,ID_ENTIDAD_FK) values (7031,'Chilón',7);
Insert into MUNICIPIOS (ID_MUNICIPIO_PK,NOMBRE_MUNICIPIO,ID_ENTIDAD_FK) values (7114,'Benemérito de las Américas',7);
Insert into MUNICIPIOS (ID_MUNICIPIO_PK,NOMBRE_MUNICIPIO,ID_ENTIDAD_FK) values (7116,'Marqués de Comillas',7);
Insert into MUNICIPIOS (ID_MUNICIPIO_PK,NOMBRE_MUNICIPIO,ID_ENTIDAD_FK) values (7065,'Palenque',7);
Insert into MUNICIPIOS (ID_MUNICIPIO_PK,NOMBRE_MUNICIPIO,ID_ENTIDAD_FK) values (7050,'La Libertad',7);
Insert into MUNICIPIOS (ID_MUNICIPIO_PK,NOMBRE_MUNICIPIO,ID_ENTIDAD_FK) values (7016,'Catazajá',7);
Insert into MUNICIPIOS (ID_MUNICIPIO_PK,NOMBRE_MUNICIPIO,ID_ENTIDAD_FK) values (7019,'Comitán de Domínguez',7);
Insert into MUNICIPIOS (ID_MUNICIPIO_PK,NOMBRE_MUNICIPIO,ID_ENTIDAD_FK) values (7104,'Tzimol',7);
Insert into MUNICIPIOS (ID_MUNICIPIO_PK,NOMBRE_MUNICIPIO,ID_ENTIDAD_FK) values (7030,'Chicomuselo',7);
Insert into MUNICIPIOS (ID_MUNICIPIO_PK,NOMBRE_MUNICIPIO,ID_ENTIDAD_FK) values (7011,'Bella Vista',7);
Insert into MUNICIPIOS (ID_MUNICIPIO_PK,NOMBRE_MUNICIPIO,ID_ENTIDAD_FK) values (7034,'Frontera Comalapa',7);
Insert into MUNICIPIOS (ID_MUNICIPIO_PK,NOMBRE_MUNICIPIO,ID_ENTIDAD_FK) values (7099,'La Trinitaria',7);
Insert into MUNICIPIOS (ID_MUNICIPIO_PK,NOMBRE_MUNICIPIO,ID_ENTIDAD_FK) values (7041,'La Independencia',7);
Insert into MUNICIPIOS (ID_MUNICIPIO_PK,NOMBRE_MUNICIPIO,ID_ENTIDAD_FK) values (7115,'Maravilla Tenejapa',7);
Insert into MUNICIPIOS (ID_MUNICIPIO_PK,NOMBRE_MUNICIPIO,ID_ENTIDAD_FK) values (7052,'Las Margaritas',7);
Insert into MUNICIPIOS (ID_MUNICIPIO_PK,NOMBRE_MUNICIPIO,ID_ENTIDAD_FK) values (7004,'Altamirano',7);
Insert into MUNICIPIOS (ID_MUNICIPIO_PK,NOMBRE_MUNICIPIO,ID_ENTIDAD_FK) values (7106,'Venustiano Carranza',7);
Insert into MUNICIPIOS (ID_MUNICIPIO_PK,NOMBRE_MUNICIPIO,ID_ENTIDAD_FK) values (7098,'Totolapa',7);
Insert into MUNICIPIOS (ID_MUNICIPIO_PK,NOMBRE_MUNICIPIO,ID_ENTIDAD_FK) values (7058,'Nicolás Ruíz',7);
Insert into MUNICIPIOS (ID_MUNICIPIO_PK,NOMBRE_MUNICIPIO,ID_ENTIDAD_FK) values (7075,'Las Rosas',7);
Insert into MUNICIPIOS (ID_MUNICIPIO_PK,NOMBRE_MUNICIPIO,ID_ENTIDAD_FK) values (7020,'La Concordia',7);
Insert into MUNICIPIOS (ID_MUNICIPIO_PK,NOMBRE_MUNICIPIO,ID_ENTIDAD_FK) values (7008,'Angel Albino Corzo',7);
Insert into MUNICIPIOS (ID_MUNICIPIO_PK,NOMBRE_MUNICIPIO,ID_ENTIDAD_FK) values (7117,'Montecristo de Guerrero',7);
Insert into MUNICIPIOS (ID_MUNICIPIO_PK,NOMBRE_MUNICIPIO,ID_ENTIDAD_FK) values (7083,'Socoltenango',7);
Insert into MUNICIPIOS (ID_MUNICIPIO_PK,NOMBRE_MUNICIPIO,ID_ENTIDAD_FK) values (7017,'Cintalapa',7);
Insert into MUNICIPIOS (ID_MUNICIPIO_PK,NOMBRE_MUNICIPIO,ID_ENTIDAD_FK) values (7046,'Jiquipilas',7);
Insert into MUNICIPIOS (ID_MUNICIPIO_PK,NOMBRE_MUNICIPIO,ID_ENTIDAD_FK) values (7009,'Arriaga',7);
Insert into MUNICIPIOS (ID_MUNICIPIO_PK,NOMBRE_MUNICIPIO,ID_ENTIDAD_FK) values (7108,'Villaflores',7);
Insert into MUNICIPIOS (ID_MUNICIPIO_PK,NOMBRE_MUNICIPIO,ID_ENTIDAD_FK) values (7097,'Tonalá',7);
Insert into MUNICIPIOS (ID_MUNICIPIO_PK,NOMBRE_MUNICIPIO,ID_ENTIDAD_FK) values (7107,'Villa Corzo',7);
Insert into MUNICIPIOS (ID_MUNICIPIO_PK,NOMBRE_MUNICIPIO,ID_ENTIDAD_FK) values (7069,'Pijijiapan',7);
Insert into MUNICIPIOS (ID_MUNICIPIO_PK,NOMBRE_MUNICIPIO,ID_ENTIDAD_FK) values (7051,'Mapastepec',7);
Insert into MUNICIPIOS (ID_MUNICIPIO_PK,NOMBRE_MUNICIPIO,ID_ENTIDAD_FK) values (7003,'Acapetahua',7);
Insert into MUNICIPIOS (ID_MUNICIPIO_PK,NOMBRE_MUNICIPIO,ID_ENTIDAD_FK) values (7001,'Acacoyagua',7);
Insert into MUNICIPIOS (ID_MUNICIPIO_PK,NOMBRE_MUNICIPIO,ID_ENTIDAD_FK) values (7032,'Escuintla',7);
Insert into MUNICIPIOS (ID_MUNICIPIO_PK,NOMBRE_MUNICIPIO,ID_ENTIDAD_FK) values (7071,'Villa Comaltitlán',7);
Insert into MUNICIPIOS (ID_MUNICIPIO_PK,NOMBRE_MUNICIPIO,ID_ENTIDAD_FK) values (7040,'Huixtla',7);
Insert into MUNICIPIOS (ID_MUNICIPIO_PK,NOMBRE_MUNICIPIO,ID_ENTIDAD_FK) values (7054,'Mazatán',7);
Insert into MUNICIPIOS (ID_MUNICIPIO_PK,NOMBRE_MUNICIPIO,ID_ENTIDAD_FK) values (7037,'Huehuetán',7);
Insert into MUNICIPIOS (ID_MUNICIPIO_PK,NOMBRE_MUNICIPIO,ID_ENTIDAD_FK) values (7103,'Tuzantán',7);
Insert into MUNICIPIOS (ID_MUNICIPIO_PK,NOMBRE_MUNICIPIO,ID_ENTIDAD_FK) values (7089,'Tapachula',7);
Insert into MUNICIPIOS (ID_MUNICIPIO_PK,NOMBRE_MUNICIPIO,ID_ENTIDAD_FK) values (7087,'Suchiate',7);
Insert into MUNICIPIOS (ID_MUNICIPIO_PK,NOMBRE_MUNICIPIO,ID_ENTIDAD_FK) values (7035,'Frontera Hidalgo',7);
Insert into MUNICIPIOS (ID_MUNICIPIO_PK,NOMBRE_MUNICIPIO,ID_ENTIDAD_FK) values (7055,'Metapa',7);
Insert into MUNICIPIOS (ID_MUNICIPIO_PK,NOMBRE_MUNICIPIO,ID_ENTIDAD_FK) values (7102,'Tuxtla Chico',7);
Insert into MUNICIPIOS (ID_MUNICIPIO_PK,NOMBRE_MUNICIPIO,ID_ENTIDAD_FK) values (7105,'Unión Juárez',7);
Insert into MUNICIPIOS (ID_MUNICIPIO_PK,NOMBRE_MUNICIPIO,ID_ENTIDAD_FK) values (7015,'Cacahoatán',7);
Insert into MUNICIPIOS (ID_MUNICIPIO_PK,NOMBRE_MUNICIPIO,ID_ENTIDAD_FK) values (7057,'Motozintla',7);
Insert into MUNICIPIOS (ID_MUNICIPIO_PK,NOMBRE_MUNICIPIO,ID_ENTIDAD_FK) values (7053,'Mazapa de Madero',7);
Insert into MUNICIPIOS (ID_MUNICIPIO_PK,NOMBRE_MUNICIPIO,ID_ENTIDAD_FK) values (7006,'Amatenango de la Frontera',7);
Insert into MUNICIPIOS (ID_MUNICIPIO_PK,NOMBRE_MUNICIPIO,ID_ENTIDAD_FK) values (7010,'Bejucal de Ocampo',7);
Insert into MUNICIPIOS (ID_MUNICIPIO_PK,NOMBRE_MUNICIPIO,ID_ENTIDAD_FK) values (7036,'La Grandeza',7);
Insert into MUNICIPIOS (ID_MUNICIPIO_PK,NOMBRE_MUNICIPIO,ID_ENTIDAD_FK) values (7070,'El Porvenir',7);
Insert into MUNICIPIOS (ID_MUNICIPIO_PK,NOMBRE_MUNICIPIO,ID_ENTIDAD_FK) values (7080,'Siltepec',7);
Insert into MUNICIPIOS (ID_MUNICIPIO_PK,NOMBRE_MUNICIPIO,ID_ENTIDAD_FK) values (8019,'Chihuahua',8);
Insert into MUNICIPIOS (ID_MUNICIPIO_PK,NOMBRE_MUNICIPIO,ID_ENTIDAD_FK) values (8017,'Cuauhtémoc',8);
Insert into MUNICIPIOS (ID_MUNICIPIO_PK,NOMBRE_MUNICIPIO,ID_ENTIDAD_FK) values (8054,'Riva Palacio',8);
Insert into MUNICIPIOS (ID_MUNICIPIO_PK,NOMBRE_MUNICIPIO,ID_ENTIDAD_FK) values (8004,'Aquiles Serdán',8);
Insert into MUNICIPIOS (ID_MUNICIPIO_PK,NOMBRE_MUNICIPIO,ID_ENTIDAD_FK) values (8006,'Bachíniva',8);
Insert into MUNICIPIOS (ID_MUNICIPIO_PK,NOMBRE_MUNICIPIO,ID_ENTIDAD_FK) values (8031,'Guerrero',8);
Insert into MUNICIPIOS (ID_MUNICIPIO_PK,NOMBRE_MUNICIPIO,ID_ENTIDAD_FK) values (8050,'Nuevo Casas Grandes',8);
Insert into MUNICIPIOS (ID_MUNICIPIO_PK,NOMBRE_MUNICIPIO,ID_ENTIDAD_FK) values (8005,'Ascensión',8);
Insert into MUNICIPIOS (ID_MUNICIPIO_PK,NOMBRE_MUNICIPIO,ID_ENTIDAD_FK) values (8035,'Janos',8);
Insert into MUNICIPIOS (ID_MUNICIPIO_PK,NOMBRE_MUNICIPIO,ID_ENTIDAD_FK) values (8013,'Casas Grandes',8);
Insert into MUNICIPIOS (ID_MUNICIPIO_PK,NOMBRE_MUNICIPIO,ID_ENTIDAD_FK) values (8023,'Galeana',8);
Insert into MUNICIPIOS (ID_MUNICIPIO_PK,NOMBRE_MUNICIPIO,ID_ENTIDAD_FK) values (8010,'Buenaventura',8);
Insert into MUNICIPIOS (ID_MUNICIPIO_PK,NOMBRE_MUNICIPIO,ID_ENTIDAD_FK) values (8025,'Gómez Farías',8);
Insert into MUNICIPIOS (ID_MUNICIPIO_PK,NOMBRE_MUNICIPIO,ID_ENTIDAD_FK) values (8034,'Ignacio Zaragoza',8);
Insert into MUNICIPIOS (ID_MUNICIPIO_PK,NOMBRE_MUNICIPIO,ID_ENTIDAD_FK) values (8040,'Madera',8);
Insert into MUNICIPIOS (ID_MUNICIPIO_PK,NOMBRE_MUNICIPIO,ID_ENTIDAD_FK) values (8048,'Namiquipa',8);
Insert into MUNICIPIOS (ID_MUNICIPIO_PK,NOMBRE_MUNICIPIO,ID_ENTIDAD_FK) values (8063,'Temósachic',8);
Insert into MUNICIPIOS (ID_MUNICIPIO_PK,NOMBRE_MUNICIPIO,ID_ENTIDAD_FK) values (8043,'Matachí',8);
Insert into MUNICIPIOS (ID_MUNICIPIO_PK,NOMBRE_MUNICIPIO,ID_ENTIDAD_FK) values (8037,'Juárez',8);
Insert into MUNICIPIOS (ID_MUNICIPIO_PK,NOMBRE_MUNICIPIO,ID_ENTIDAD_FK) values (8028,'Guadalupe',8);
Insert into MUNICIPIOS (ID_MUNICIPIO_PK,NOMBRE_MUNICIPIO,ID_ENTIDAD_FK) values (8053,'Praxedis G. Guerrero',8);
Insert into MUNICIPIOS (ID_MUNICIPIO_PK,NOMBRE_MUNICIPIO,ID_ENTIDAD_FK) values (8001,'Ahumada',8);
Insert into MUNICIPIOS (ID_MUNICIPIO_PK,NOMBRE_MUNICIPIO,ID_ENTIDAD_FK) values (8015,'Coyame del Sotol',8);
Insert into MUNICIPIOS (ID_MUNICIPIO_PK,NOMBRE_MUNICIPIO,ID_ENTIDAD_FK) values (8052,'Ojinaga',8);
Insert into MUNICIPIOS (ID_MUNICIPIO_PK,NOMBRE_MUNICIPIO,ID_ENTIDAD_FK) values (8002,'Aldama',8);
Insert into MUNICIPIOS (ID_MUNICIPIO_PK,NOMBRE_MUNICIPIO,ID_ENTIDAD_FK) values (8038,'Julimes',8);
Insert into MUNICIPIOS (ID_MUNICIPIO_PK,NOMBRE_MUNICIPIO,ID_ENTIDAD_FK) values (8042,'Manuel Benavides',8);
Insert into MUNICIPIOS (ID_MUNICIPIO_PK,NOMBRE_MUNICIPIO,ID_ENTIDAD_FK) values (8021,'Delicias',8);
Insert into MUNICIPIOS (ID_MUNICIPIO_PK,NOMBRE_MUNICIPIO,ID_ENTIDAD_FK) values (8055,'Rosales',8);
Insert into MUNICIPIOS (ID_MUNICIPIO_PK,NOMBRE_MUNICIPIO,ID_ENTIDAD_FK) values (8045,'Meoqui',8);
Insert into MUNICIPIOS (ID_MUNICIPIO_PK,NOMBRE_MUNICIPIO,ID_ENTIDAD_FK) values (8022,'Dr. Belisario Domínguez',8);
Insert into MUNICIPIOS (ID_MUNICIPIO_PK,NOMBRE_MUNICIPIO,ID_ENTIDAD_FK) values (8061,'Satevó',8);
Insert into MUNICIPIOS (ID_MUNICIPIO_PK,NOMBRE_MUNICIPIO,ID_ENTIDAD_FK) values (8057,'San Francisco de Borja',8);
Insert into MUNICIPIOS (ID_MUNICIPIO_PK,NOMBRE_MUNICIPIO,ID_ENTIDAD_FK) values (8049,'Nonoava',8);
Insert into MUNICIPIOS (ID_MUNICIPIO_PK,NOMBRE_MUNICIPIO,ID_ENTIDAD_FK) values (8027,'Guachochi',8);
Insert into MUNICIPIOS (ID_MUNICIPIO_PK,NOMBRE_MUNICIPIO,ID_ENTIDAD_FK) values (8009,'Bocoyna',8);
Insert into MUNICIPIOS (ID_MUNICIPIO_PK,NOMBRE_MUNICIPIO,ID_ENTIDAD_FK) values (8018,'Cusihuiriachi',8);
Insert into MUNICIPIOS (ID_MUNICIPIO_PK,NOMBRE_MUNICIPIO,ID_ENTIDAD_FK) values (8026,'Gran Morelos',8);
Insert into MUNICIPIOS (ID_MUNICIPIO_PK,NOMBRE_MUNICIPIO,ID_ENTIDAD_FK) values (8024,'Santa Isabel',8);
Insert into MUNICIPIOS (ID_MUNICIPIO_PK,NOMBRE_MUNICIPIO,ID_ENTIDAD_FK) values (8012,'Carichí',8);
Insert into MUNICIPIOS (ID_MUNICIPIO_PK,NOMBRE_MUNICIPIO,ID_ENTIDAD_FK) values (8066,'Uruachi',8);
Insert into MUNICIPIOS (ID_MUNICIPIO_PK,NOMBRE_MUNICIPIO,ID_ENTIDAD_FK) values (8051,'Ocampo',8);
Insert into MUNICIPIOS (ID_MUNICIPIO_PK,NOMBRE_MUNICIPIO,ID_ENTIDAD_FK) values (8047,'Moris',8);
Insert into MUNICIPIOS (ID_MUNICIPIO_PK,NOMBRE_MUNICIPIO,ID_ENTIDAD_FK) values (8020,'Chínipas',8);
Insert into MUNICIPIOS (ID_MUNICIPIO_PK,NOMBRE_MUNICIPIO,ID_ENTIDAD_FK) values (8041,'Maguarichi',8);
Insert into MUNICIPIOS (ID_MUNICIPIO_PK,NOMBRE_MUNICIPIO,ID_ENTIDAD_FK) values (8030,'Guazapares',8);
Insert into MUNICIPIOS (ID_MUNICIPIO_PK,NOMBRE_MUNICIPIO,ID_ENTIDAD_FK) values (8008,'Batopilas',8);
Insert into MUNICIPIOS (ID_MUNICIPIO_PK,NOMBRE_MUNICIPIO,ID_ENTIDAD_FK) values (8065,'Urique',8);
Insert into MUNICIPIOS (ID_MUNICIPIO_PK,NOMBRE_MUNICIPIO,ID_ENTIDAD_FK) values (8046,'Morelos',8);
Insert into MUNICIPIOS (ID_MUNICIPIO_PK,NOMBRE_MUNICIPIO,ID_ENTIDAD_FK) values (8029,'Guadalupe y Calvo',8);
Insert into MUNICIPIOS (ID_MUNICIPIO_PK,NOMBRE_MUNICIPIO,ID_ENTIDAD_FK) values (8059,'San Francisco del Oro',8);
Insert into MUNICIPIOS (ID_MUNICIPIO_PK,NOMBRE_MUNICIPIO,ID_ENTIDAD_FK) values (8056,'Rosario',8);
Insert into MUNICIPIOS (ID_MUNICIPIO_PK,NOMBRE_MUNICIPIO,ID_ENTIDAD_FK) values (8033,'Huejotitán',8);
Insert into MUNICIPIOS (ID_MUNICIPIO_PK,NOMBRE_MUNICIPIO,ID_ENTIDAD_FK) values (8064,'El Tule',8);
Insert into MUNICIPIOS (ID_MUNICIPIO_PK,NOMBRE_MUNICIPIO,ID_ENTIDAD_FK) values (8007,'Balleza',8);
Insert into MUNICIPIOS (ID_MUNICIPIO_PK,NOMBRE_MUNICIPIO,ID_ENTIDAD_FK) values (8060,'Santa Bárbara',8);
Insert into MUNICIPIOS (ID_MUNICIPIO_PK,NOMBRE_MUNICIPIO,ID_ENTIDAD_FK) values (8011,'Camargo',8);
Insert into MUNICIPIOS (ID_MUNICIPIO_PK,NOMBRE_MUNICIPIO,ID_ENTIDAD_FK) values (8062,'Saucillo',8);
Insert into MUNICIPIOS (ID_MUNICIPIO_PK,NOMBRE_MUNICIPIO,ID_ENTIDAD_FK) values (8067,'Valle de Zaragoza',8);
Insert into MUNICIPIOS (ID_MUNICIPIO_PK,NOMBRE_MUNICIPIO,ID_ENTIDAD_FK) values (8016,'La Cruz',8);
Insert into MUNICIPIOS (ID_MUNICIPIO_PK,NOMBRE_MUNICIPIO,ID_ENTIDAD_FK) values (8058,'San Francisco de Conchos',8);
Insert into MUNICIPIOS (ID_MUNICIPIO_PK,NOMBRE_MUNICIPIO,ID_ENTIDAD_FK) values (8032,'Hidalgo del Parral',8);
Insert into MUNICIPIOS (ID_MUNICIPIO_PK,NOMBRE_MUNICIPIO,ID_ENTIDAD_FK) values (8003,'Allende',8);
Insert into MUNICIPIOS (ID_MUNICIPIO_PK,NOMBRE_MUNICIPIO,ID_ENTIDAD_FK) values (8039,'López',8);
Insert into MUNICIPIOS (ID_MUNICIPIO_PK,NOMBRE_MUNICIPIO,ID_ENTIDAD_FK) values (8044,'Matamoros',8);
Insert into MUNICIPIOS (ID_MUNICIPIO_PK,NOMBRE_MUNICIPIO,ID_ENTIDAD_FK) values (8036,'Jiménez',8);
Insert into MUNICIPIOS (ID_MUNICIPIO_PK,NOMBRE_MUNICIPIO,ID_ENTIDAD_FK) values (8014,'Coronado',8);
Insert into MUNICIPIOS (ID_MUNICIPIO_PK,NOMBRE_MUNICIPIO,ID_ENTIDAD_FK) values (10005,'Durango',10);
Insert into MUNICIPIOS (ID_MUNICIPIO_PK,NOMBRE_MUNICIPIO,ID_ENTIDAD_FK) values (10001,'Canatlán',10);
Insert into MUNICIPIOS (ID_MUNICIPIO_PK,NOMBRE_MUNICIPIO,ID_ENTIDAD_FK) values (10039,'Nuevo Ideal',10);
Insert into MUNICIPIOS (ID_MUNICIPIO_PK,NOMBRE_MUNICIPIO,ID_ENTIDAD_FK) values (10003,'Coneto de Comonfort',10);
Insert into MUNICIPIOS (ID_MUNICIPIO_PK,NOMBRE_MUNICIPIO,ID_ENTIDAD_FK) values (10028,'San Juan del Río',10);
Insert into MUNICIPIOS (ID_MUNICIPIO_PK,NOMBRE_MUNICIPIO,ID_ENTIDAD_FK) values (10002,'Canelas',10);
Insert into MUNICIPIOS (ID_MUNICIPIO_PK,NOMBRE_MUNICIPIO,ID_ENTIDAD_FK) values (10037,'Topia',10);
Insert into MUNICIPIOS (ID_MUNICIPIO_PK,NOMBRE_MUNICIPIO,ID_ENTIDAD_FK) values (10034,'Tamazula',10);
Insert into MUNICIPIOS (ID_MUNICIPIO_PK,NOMBRE_MUNICIPIO,ID_ENTIDAD_FK) values (10032,'Santiago Papasquiaro',10);
Insert into MUNICIPIOS (ID_MUNICIPIO_PK,NOMBRE_MUNICIPIO,ID_ENTIDAD_FK) values (10019,'Otáez',10);
Insert into MUNICIPIOS (ID_MUNICIPIO_PK,NOMBRE_MUNICIPIO,ID_ENTIDAD_FK) values (10026,'San Dimas',10);
Insert into MUNICIPIOS (ID_MUNICIPIO_PK,NOMBRE_MUNICIPIO,ID_ENTIDAD_FK) values (10008,'Guadalupe Victoria',10);
Insert into MUNICIPIOS (ID_MUNICIPIO_PK,NOMBRE_MUNICIPIO,ID_ENTIDAD_FK) values (10021,'Peñón Blanco',10);
Insert into MUNICIPIOS (ID_MUNICIPIO_PK,NOMBRE_MUNICIPIO,ID_ENTIDAD_FK) values (10020,'Pánuco de Coronado',10);
Insert into MUNICIPIOS (ID_MUNICIPIO_PK,NOMBRE_MUNICIPIO,ID_ENTIDAD_FK) values (10022,'Poanas',10);
Insert into MUNICIPIOS (ID_MUNICIPIO_PK,NOMBRE_MUNICIPIO,ID_ENTIDAD_FK) values (10016,'Nombre de Dios',10);
Insert into MUNICIPIOS (ID_MUNICIPIO_PK,NOMBRE_MUNICIPIO,ID_ENTIDAD_FK) values (10038,'Vicente Guerrero',10);
Insert into MUNICIPIOS (ID_MUNICIPIO_PK,NOMBRE_MUNICIPIO,ID_ENTIDAD_FK) values (10033,'Súchil',10);
Insert into MUNICIPIOS (ID_MUNICIPIO_PK,NOMBRE_MUNICIPIO,ID_ENTIDAD_FK) values (10023,'Pueblo Nuevo',10);
Insert into MUNICIPIOS (ID_MUNICIPIO_PK,NOMBRE_MUNICIPIO,ID_ENTIDAD_FK) values (10014,'Mezquital',10);
Insert into MUNICIPIOS (ID_MUNICIPIO_PK,NOMBRE_MUNICIPIO,ID_ENTIDAD_FK) values (10007,'Gómez Palacio',10);
Insert into MUNICIPIOS (ID_MUNICIPIO_PK,NOMBRE_MUNICIPIO,ID_ENTIDAD_FK) values (10012,'Lerdo',10);
Insert into MUNICIPIOS (ID_MUNICIPIO_PK,NOMBRE_MUNICIPIO,ID_ENTIDAD_FK) values (10013,'Mapimí',10);
Insert into MUNICIPIOS (ID_MUNICIPIO_PK,NOMBRE_MUNICIPIO,ID_ENTIDAD_FK) values (10036,'Tlahualilo',10);
Insert into MUNICIPIOS (ID_MUNICIPIO_PK,NOMBRE_MUNICIPIO,ID_ENTIDAD_FK) values (10010,'Hidalgo',10);
Insert into MUNICIPIOS (ID_MUNICIPIO_PK,NOMBRE_MUNICIPIO,ID_ENTIDAD_FK) values (10017,'Ocampo',10);
Insert into MUNICIPIOS (ID_MUNICIPIO_PK,NOMBRE_MUNICIPIO,ID_ENTIDAD_FK) values (10009,'Guanaceví',10);
Insert into MUNICIPIOS (ID_MUNICIPIO_PK,NOMBRE_MUNICIPIO,ID_ENTIDAD_FK) values (10025,'San Bernardo',10);
Insert into MUNICIPIOS (ID_MUNICIPIO_PK,NOMBRE_MUNICIPIO,ID_ENTIDAD_FK) values (10011,'Indé',10);
Insert into MUNICIPIOS (ID_MUNICIPIO_PK,NOMBRE_MUNICIPIO,ID_ENTIDAD_FK) values (10030,'San Pedro del Gallo',10);
Insert into MUNICIPIOS (ID_MUNICIPIO_PK,NOMBRE_MUNICIPIO,ID_ENTIDAD_FK) values (10035,'Tepehuanes',10);
Insert into MUNICIPIOS (ID_MUNICIPIO_PK,NOMBRE_MUNICIPIO,ID_ENTIDAD_FK) values (10018,'El Oro',10);
Insert into MUNICIPIOS (ID_MUNICIPIO_PK,NOMBRE_MUNICIPIO,ID_ENTIDAD_FK) values (10015,'Nazas',10);
Insert into MUNICIPIOS (ID_MUNICIPIO_PK,NOMBRE_MUNICIPIO,ID_ENTIDAD_FK) values (10029,'San Luis del Cordero',10);
Insert into MUNICIPIOS (ID_MUNICIPIO_PK,NOMBRE_MUNICIPIO,ID_ENTIDAD_FK) values (10024,'Rodeo',10);
Insert into MUNICIPIOS (ID_MUNICIPIO_PK,NOMBRE_MUNICIPIO,ID_ENTIDAD_FK) values (10004,'Cuencamé',10);
Insert into MUNICIPIOS (ID_MUNICIPIO_PK,NOMBRE_MUNICIPIO,ID_ENTIDAD_FK) values (10031,'Santa Clara',10);
Insert into MUNICIPIOS (ID_MUNICIPIO_PK,NOMBRE_MUNICIPIO,ID_ENTIDAD_FK) values (10027,'San Juan de Guadalupe',10);
Insert into MUNICIPIOS (ID_MUNICIPIO_PK,NOMBRE_MUNICIPIO,ID_ENTIDAD_FK) values (10006,'General Simón Bolívar',10);
Insert into MUNICIPIOS (ID_MUNICIPIO_PK,NOMBRE_MUNICIPIO,ID_ENTIDAD_FK) values (11015,'Guanajuato',11);
Insert into MUNICIPIOS (ID_MUNICIPIO_PK,NOMBRE_MUNICIPIO,ID_ENTIDAD_FK) values (11037,'Silao de la Victoria',11);
Insert into MUNICIPIOS (ID_MUNICIPIO_PK,NOMBRE_MUNICIPIO,ID_ENTIDAD_FK) values (11026,'Romita',11);
Insert into MUNICIPIOS (ID_MUNICIPIO_PK,NOMBRE_MUNICIPIO,ID_ENTIDAD_FK) values (11031,'San Francisco del Rincón',11);
Insert into MUNICIPIOS (ID_MUNICIPIO_PK,NOMBRE_MUNICIPIO,ID_ENTIDAD_FK) values (11025,'Purísima del Rincón',11);
Insert into MUNICIPIOS (ID_MUNICIPIO_PK,NOMBRE_MUNICIPIO,ID_ENTIDAD_FK) values (11008,'Manuel Doblado',11);
Insert into MUNICIPIOS (ID_MUNICIPIO_PK,NOMBRE_MUNICIPIO,ID_ENTIDAD_FK) values (11017,'Irapuato',11);
Insert into MUNICIPIOS (ID_MUNICIPIO_PK,NOMBRE_MUNICIPIO,ID_ENTIDAD_FK) values (11027,'Salamanca',11);
Insert into MUNICIPIOS (ID_MUNICIPIO_PK,NOMBRE_MUNICIPIO,ID_ENTIDAD_FK) values (11024,'Pueblo Nuevo',11);
Insert into MUNICIPIOS (ID_MUNICIPIO_PK,NOMBRE_MUNICIPIO,ID_ENTIDAD_FK) values (11023,'Pénjamo',11);
Insert into MUNICIPIOS (ID_MUNICIPIO_PK,NOMBRE_MUNICIPIO,ID_ENTIDAD_FK) values (11012,'Cuerámaro',11);
Insert into MUNICIPIOS (ID_MUNICIPIO_PK,NOMBRE_MUNICIPIO,ID_ENTIDAD_FK) values (11001,'Abasolo',11);
Insert into MUNICIPIOS (ID_MUNICIPIO_PK,NOMBRE_MUNICIPIO,ID_ENTIDAD_FK) values (11016,'Huanímaro',11);
Insert into MUNICIPIOS (ID_MUNICIPIO_PK,NOMBRE_MUNICIPIO,ID_ENTIDAD_FK) values (11020,'León',11);
Insert into MUNICIPIOS (ID_MUNICIPIO_PK,NOMBRE_MUNICIPIO,ID_ENTIDAD_FK) values (11030,'San Felipe',11);
Insert into MUNICIPIOS (ID_MUNICIPIO_PK,NOMBRE_MUNICIPIO,ID_ENTIDAD_FK) values (11022,'Ocampo',11);
Insert into MUNICIPIOS (ID_MUNICIPIO_PK,NOMBRE_MUNICIPIO,ID_ENTIDAD_FK) values (11003,'San Miguel de Allende',11);
Insert into MUNICIPIOS (ID_MUNICIPIO_PK,NOMBRE_MUNICIPIO,ID_ENTIDAD_FK) values (11014,'Dolores Hidalgo Cuna de la Independencia Nacional',11);
Insert into MUNICIPIOS (ID_MUNICIPIO_PK,NOMBRE_MUNICIPIO,ID_ENTIDAD_FK) values (11029,'San Diego de la Unión',11);
Insert into MUNICIPIOS (ID_MUNICIPIO_PK,NOMBRE_MUNICIPIO,ID_ENTIDAD_FK) values (11033,'San Luis de la Paz',11);
Insert into MUNICIPIOS (ID_MUNICIPIO_PK,NOMBRE_MUNICIPIO,ID_ENTIDAD_FK) values (11043,'Victoria',11);
Insert into MUNICIPIOS (ID_MUNICIPIO_PK,NOMBRE_MUNICIPIO,ID_ENTIDAD_FK) values (11045,'Xichú',11);
Insert into MUNICIPIOS (ID_MUNICIPIO_PK,NOMBRE_MUNICIPIO,ID_ENTIDAD_FK) values (11006,'Atarjea',11);
Insert into MUNICIPIOS (ID_MUNICIPIO_PK,NOMBRE_MUNICIPIO,ID_ENTIDAD_FK) values (11034,'Santa Catarina',11);
Insert into MUNICIPIOS (ID_MUNICIPIO_PK,NOMBRE_MUNICIPIO,ID_ENTIDAD_FK) values (11013,'Doctor Mora',11);
Insert into MUNICIPIOS (ID_MUNICIPIO_PK,NOMBRE_MUNICIPIO,ID_ENTIDAD_FK) values (11040,'Tierra Blanca',11);
Insert into MUNICIPIOS (ID_MUNICIPIO_PK,NOMBRE_MUNICIPIO,ID_ENTIDAD_FK) values (11032,'San José Iturbide',11);
Insert into MUNICIPIOS (ID_MUNICIPIO_PK,NOMBRE_MUNICIPIO,ID_ENTIDAD_FK) values (11007,'Celaya',11);
Insert into MUNICIPIOS (ID_MUNICIPIO_PK,NOMBRE_MUNICIPIO,ID_ENTIDAD_FK) values (11005,'Apaseo el Grande',11);
Insert into MUNICIPIOS (ID_MUNICIPIO_PK,NOMBRE_MUNICIPIO,ID_ENTIDAD_FK) values (11009,'Comonfort',11);
Insert into MUNICIPIOS (ID_MUNICIPIO_PK,NOMBRE_MUNICIPIO,ID_ENTIDAD_FK) values (11035,'Santa Cruz de Juventino Rosas',11);
Insert into MUNICIPIOS (ID_MUNICIPIO_PK,NOMBRE_MUNICIPIO,ID_ENTIDAD_FK) values (11044,'Villagrán',11);
Insert into MUNICIPIOS (ID_MUNICIPIO_PK,NOMBRE_MUNICIPIO,ID_ENTIDAD_FK) values (11011,'Cortazar',11);
Insert into MUNICIPIOS (ID_MUNICIPIO_PK,NOMBRE_MUNICIPIO,ID_ENTIDAD_FK) values (11042,'Valle de Santiago',11);
Insert into MUNICIPIOS (ID_MUNICIPIO_PK,NOMBRE_MUNICIPIO,ID_ENTIDAD_FK) values (11018,'Jaral del Progreso',11);
Insert into MUNICIPIOS (ID_MUNICIPIO_PK,NOMBRE_MUNICIPIO,ID_ENTIDAD_FK) values (11004,'Apaseo el Alto',11);
Insert into MUNICIPIOS (ID_MUNICIPIO_PK,NOMBRE_MUNICIPIO,ID_ENTIDAD_FK) values (11019,'Jerécuaro',11);
Insert into MUNICIPIOS (ID_MUNICIPIO_PK,NOMBRE_MUNICIPIO,ID_ENTIDAD_FK) values (11010,'Coroneo',11);
Insert into MUNICIPIOS (ID_MUNICIPIO_PK,NOMBRE_MUNICIPIO,ID_ENTIDAD_FK) values (11002,'Acámbaro',11);
Insert into MUNICIPIOS (ID_MUNICIPIO_PK,NOMBRE_MUNICIPIO,ID_ENTIDAD_FK) values (11039,'Tarimoro',11);
Insert into MUNICIPIOS (ID_MUNICIPIO_PK,NOMBRE_MUNICIPIO,ID_ENTIDAD_FK) values (11038,'Tarandacuao',11);
Insert into MUNICIPIOS (ID_MUNICIPIO_PK,NOMBRE_MUNICIPIO,ID_ENTIDAD_FK) values (11021,'Moroleón',11);
Insert into MUNICIPIOS (ID_MUNICIPIO_PK,NOMBRE_MUNICIPIO,ID_ENTIDAD_FK) values (11028,'Salvatierra',11);
Insert into MUNICIPIOS (ID_MUNICIPIO_PK,NOMBRE_MUNICIPIO,ID_ENTIDAD_FK) values (11046,'Yuriria',11);
Insert into MUNICIPIOS (ID_MUNICIPIO_PK,NOMBRE_MUNICIPIO,ID_ENTIDAD_FK) values (11036,'Santiago Maravatío',11);
Insert into MUNICIPIOS (ID_MUNICIPIO_PK,NOMBRE_MUNICIPIO,ID_ENTIDAD_FK) values (11041,'Uriangato',11);
Insert into MUNICIPIOS (ID_MUNICIPIO_PK,NOMBRE_MUNICIPIO,ID_ENTIDAD_FK) values (12029,'Chilpancingo de los Bravo',12);
Insert into MUNICIPIOS (ID_MUNICIPIO_PK,NOMBRE_MUNICIPIO,ID_ENTIDAD_FK) values (12032,'General Heliodoro Castillo',12);
Insert into MUNICIPIOS (ID_MUNICIPIO_PK,NOMBRE_MUNICIPIO,ID_ENTIDAD_FK) values (12040,'Leonardo Bravo',12);
Insert into MUNICIPIOS (ID_MUNICIPIO_PK,NOMBRE_MUNICIPIO,ID_ENTIDAD_FK) values (12061,'Tixtla de Guerrero',12);
Insert into MUNICIPIOS (ID_MUNICIPIO_PK,NOMBRE_MUNICIPIO,ID_ENTIDAD_FK) values (12012,'Ayutla de los Libres',12);
Insert into MUNICIPIOS (ID_MUNICIPIO_PK,NOMBRE_MUNICIPIO,ID_ENTIDAD_FK) values (12044,'Mochitlán',12);
Insert into MUNICIPIOS (ID_MUNICIPIO_PK,NOMBRE_MUNICIPIO,ID_ENTIDAD_FK) values (12051,'Quechultenango',12);
Insert into MUNICIPIOS (ID_MUNICIPIO_PK,NOMBRE_MUNICIPIO,ID_ENTIDAD_FK) values (12056,'Tecoanapa',12);
Insert into MUNICIPIOS (ID_MUNICIPIO_PK,NOMBRE_MUNICIPIO,ID_ENTIDAD_FK) values (12001,'Acapulco de Juárez',12);
Insert into MUNICIPIOS (ID_MUNICIPIO_PK,NOMBRE_MUNICIPIO,ID_ENTIDAD_FK) values (12039,'Juan R. Escudero',12);
Insert into MUNICIPIOS (ID_MUNICIPIO_PK,NOMBRE_MUNICIPIO,ID_ENTIDAD_FK) values (12053,'San Marcos',12);
Insert into MUNICIPIOS (ID_MUNICIPIO_PK,NOMBRE_MUNICIPIO,ID_ENTIDAD_FK) values (12035,'Iguala de la Independencia',12);
Insert into MUNICIPIOS (ID_MUNICIPIO_PK,NOMBRE_MUNICIPIO,ID_ENTIDAD_FK) values (12034,'Huitzuco de los Figueroa',12);
Insert into MUNICIPIOS (ID_MUNICIPIO_PK,NOMBRE_MUNICIPIO,ID_ENTIDAD_FK) values (12059,'Tepecoacuilco de Trujano',12);
Insert into MUNICIPIOS (ID_MUNICIPIO_PK,NOMBRE_MUNICIPIO,ID_ENTIDAD_FK) values (12075,'Eduardo Neri',12);
Insert into MUNICIPIOS (ID_MUNICIPIO_PK,NOMBRE_MUNICIPIO,ID_ENTIDAD_FK) values (12055,'Taxco de Alarcón',12);
Insert into MUNICIPIOS (ID_MUNICIPIO_PK,NOMBRE_MUNICIPIO,ID_ENTIDAD_FK) values (12015,'Buenavista de Cuéllar',12);
Insert into MUNICIPIOS (ID_MUNICIPIO_PK,NOMBRE_MUNICIPIO,ID_ENTIDAD_FK) values (12060,'Tetipac',12);
Insert into MUNICIPIOS (ID_MUNICIPIO_PK,NOMBRE_MUNICIPIO,ID_ENTIDAD_FK) values (12049,'Pilcaya',12);
Insert into MUNICIPIOS (ID_MUNICIPIO_PK,NOMBRE_MUNICIPIO,ID_ENTIDAD_FK) values (12058,'Teloloapan',12);
Insert into MUNICIPIOS (ID_MUNICIPIO_PK,NOMBRE_MUNICIPIO,ID_ENTIDAD_FK) values (12037,'Ixcateopan de Cuauhtémoc',12);
Insert into MUNICIPIOS (ID_MUNICIPIO_PK,NOMBRE_MUNICIPIO,ID_ENTIDAD_FK) values (12047,'Pedro Ascencio Alquisiras',12);
Insert into MUNICIPIOS (ID_MUNICIPIO_PK,NOMBRE_MUNICIPIO,ID_ENTIDAD_FK) values (12031,'General Canuto A. Neri',12);
Insert into MUNICIPIOS (ID_MUNICIPIO_PK,NOMBRE_MUNICIPIO,ID_ENTIDAD_FK) values (12007,'Arcelia',12);
Insert into MUNICIPIOS (ID_MUNICIPIO_PK,NOMBRE_MUNICIPIO,ID_ENTIDAD_FK) values (12006,'Apaxtla',12);
Insert into MUNICIPIOS (ID_MUNICIPIO_PK,NOMBRE_MUNICIPIO,ID_ENTIDAD_FK) values (12026,'Cuetzala del Progreso',12);
Insert into MUNICIPIOS (ID_MUNICIPIO_PK,NOMBRE_MUNICIPIO,ID_ENTIDAD_FK) values (12017,'Cocula',12);
Insert into MUNICIPIOS (ID_MUNICIPIO_PK,NOMBRE_MUNICIPIO,ID_ENTIDAD_FK) values (12067,'Tlapehuala',12);
Insert into MUNICIPIOS (ID_MUNICIPIO_PK,NOMBRE_MUNICIPIO,ID_ENTIDAD_FK) values (12027,'Cutzamala de Pinzón',12);
Insert into MUNICIPIOS (ID_MUNICIPIO_PK,NOMBRE_MUNICIPIO,ID_ENTIDAD_FK) values (12050,'Pungarabato',12);
Insert into MUNICIPIOS (ID_MUNICIPIO_PK,NOMBRE_MUNICIPIO,ID_ENTIDAD_FK) values (12064,'Tlalchapa',12);
Insert into MUNICIPIOS (ID_MUNICIPIO_PK,NOMBRE_MUNICIPIO,ID_ENTIDAD_FK) values (12022,'Coyuca de Catalán',12);
Insert into MUNICIPIOS (ID_MUNICIPIO_PK,NOMBRE_MUNICIPIO,ID_ENTIDAD_FK) values (12003,'Ajuchitlán del Progreso',12);
Insert into MUNICIPIOS (ID_MUNICIPIO_PK,NOMBRE_MUNICIPIO,ID_ENTIDAD_FK) values (12073,'Zirándaro',12);
Insert into MUNICIPIOS (ID_MUNICIPIO_PK,NOMBRE_MUNICIPIO,ID_ENTIDAD_FK) values (12054,'San Miguel Totolapan',12);
Insert into MUNICIPIOS (ID_MUNICIPIO_PK,NOMBRE_MUNICIPIO,ID_ENTIDAD_FK) values (12068,'La Unión de Isidoro Montes de Oca',12);
Insert into MUNICIPIOS (ID_MUNICIPIO_PK,NOMBRE_MUNICIPIO,ID_ENTIDAD_FK) values (12048,'Petatlán',12);
Insert into MUNICIPIOS (ID_MUNICIPIO_PK,NOMBRE_MUNICIPIO,ID_ENTIDAD_FK) values (12016,'Coahuayutla de José María Izazaga',12);
Insert into MUNICIPIOS (ID_MUNICIPIO_PK,NOMBRE_MUNICIPIO,ID_ENTIDAD_FK) values (12038,'Zihuatanejo de Azueta',12);
Insert into MUNICIPIOS (ID_MUNICIPIO_PK,NOMBRE_MUNICIPIO,ID_ENTIDAD_FK) values (12057,'Técpan de Galeana',12);
Insert into MUNICIPIOS (ID_MUNICIPIO_PK,NOMBRE_MUNICIPIO,ID_ENTIDAD_FK) values (12011,'Atoyac de Álvarez',12);
Insert into MUNICIPIOS (ID_MUNICIPIO_PK,NOMBRE_MUNICIPIO,ID_ENTIDAD_FK) values (12014,'Benito Juárez',12);
Insert into MUNICIPIOS (ID_MUNICIPIO_PK,NOMBRE_MUNICIPIO,ID_ENTIDAD_FK) values (12021,'Coyuca de Benítez',12);
Insert into MUNICIPIOS (ID_MUNICIPIO_PK,NOMBRE_MUNICIPIO,ID_ENTIDAD_FK) values (12045,'Olinalá',12);
Insert into MUNICIPIOS (ID_MUNICIPIO_PK,NOMBRE_MUNICIPIO,ID_ENTIDAD_FK) values (12008,'Atenango del Río',12);
Insert into MUNICIPIOS (ID_MUNICIPIO_PK,NOMBRE_MUNICIPIO,ID_ENTIDAD_FK) values (12019,'Copalillo',12);
Insert into MUNICIPIOS (ID_MUNICIPIO_PK,NOMBRE_MUNICIPIO,ID_ENTIDAD_FK) values (12024,'Cualác',12);
Insert into MUNICIPIOS (ID_MUNICIPIO_PK,NOMBRE_MUNICIPIO,ID_ENTIDAD_FK) values (12028,'Chilapa de Álvarez',12);
Insert into MUNICIPIOS (ID_MUNICIPIO_PK,NOMBRE_MUNICIPIO,ID_ENTIDAD_FK) values (12079,'José Joaquín de Herrera',12);
Insert into MUNICIPIOS (ID_MUNICIPIO_PK,NOMBRE_MUNICIPIO,ID_ENTIDAD_FK) values (12002,'Ahuacuotzingo',12);
Insert into MUNICIPIOS (ID_MUNICIPIO_PK,NOMBRE_MUNICIPIO,ID_ENTIDAD_FK) values (12074,'Zitlala',12);
Insert into MUNICIPIOS (ID_MUNICIPIO_PK,NOMBRE_MUNICIPIO,ID_ENTIDAD_FK) values (12042,'Mártir de Cuilapan',12);
Insert into MUNICIPIOS (ID_MUNICIPIO_PK,NOMBRE_MUNICIPIO,ID_ENTIDAD_FK) values (12033,'Huamuxtitlán',12);
Insert into MUNICIPIOS (ID_MUNICIPIO_PK,NOMBRE_MUNICIPIO,ID_ENTIDAD_FK) values (12070,'Xochihuehuetlán',12);
Insert into MUNICIPIOS (ID_MUNICIPIO_PK,NOMBRE_MUNICIPIO,ID_ENTIDAD_FK) values (12005,'Alpoyeca',12);
Insert into MUNICIPIOS (ID_MUNICIPIO_PK,NOMBRE_MUNICIPIO,ID_ENTIDAD_FK) values (12066,'Tlapa de Comonfort',12);
Insert into MUNICIPIOS (ID_MUNICIPIO_PK,NOMBRE_MUNICIPIO,ID_ENTIDAD_FK) values (12065,'Tlalixtaquilla de Maldonado',12);
Insert into MUNICIPIOS (ID_MUNICIPIO_PK,NOMBRE_MUNICIPIO,ID_ENTIDAD_FK) values (12069,'Xalpatláhuac',12);
Insert into MUNICIPIOS (ID_MUNICIPIO_PK,NOMBRE_MUNICIPIO,ID_ENTIDAD_FK) values (12072,'Zapotitlán Tablas',12);
Insert into MUNICIPIOS (ID_MUNICIPIO_PK,NOMBRE_MUNICIPIO,ID_ENTIDAD_FK) values (12076,'Acatepec',12);
Insert into MUNICIPIOS (ID_MUNICIPIO_PK,NOMBRE_MUNICIPIO,ID_ENTIDAD_FK) values (12010,'Atlixtac',12);
Insert into MUNICIPIOS (ID_MUNICIPIO_PK,NOMBRE_MUNICIPIO,ID_ENTIDAD_FK) values (12020,'Copanatoyac',12);
Insert into MUNICIPIOS (ID_MUNICIPIO_PK,NOMBRE_MUNICIPIO,ID_ENTIDAD_FK) values (12041,'Malinaltepec',12);
Insert into MUNICIPIOS (ID_MUNICIPIO_PK,NOMBRE_MUNICIPIO,ID_ENTIDAD_FK) values (12081,'Iliatenco',12);
Insert into MUNICIPIOS (ID_MUNICIPIO_PK,NOMBRE_MUNICIPIO,ID_ENTIDAD_FK) values (12063,'Tlacoapa',12);
Insert into MUNICIPIOS (ID_MUNICIPIO_PK,NOMBRE_MUNICIPIO,ID_ENTIDAD_FK) values (12009,'Atlamajalcingo del Monte',12);
Insert into MUNICIPIOS (ID_MUNICIPIO_PK,NOMBRE_MUNICIPIO,ID_ENTIDAD_FK) values (12052,'San Luis Acatlán',12);
Insert into MUNICIPIOS (ID_MUNICIPIO_PK,NOMBRE_MUNICIPIO,ID_ENTIDAD_FK) values (12043,'Metlatónoc',12);
Insert into MUNICIPIOS (ID_MUNICIPIO_PK,NOMBRE_MUNICIPIO,ID_ENTIDAD_FK) values (12078,'Cochoapa el Grande',12);
Insert into MUNICIPIOS (ID_MUNICIPIO_PK,NOMBRE_MUNICIPIO,ID_ENTIDAD_FK) values (12004,'Alcozauca de Guerrero',12);
Insert into MUNICIPIOS (ID_MUNICIPIO_PK,NOMBRE_MUNICIPIO,ID_ENTIDAD_FK) values (12046,'Ometepec',12);
Insert into MUNICIPIOS (ID_MUNICIPIO_PK,NOMBRE_MUNICIPIO,ID_ENTIDAD_FK) values (12062,'Tlacoachistlahuaca',12);
Insert into MUNICIPIOS (ID_MUNICIPIO_PK,NOMBRE_MUNICIPIO,ID_ENTIDAD_FK) values (12071,'Xochistlahuaca',12);
Insert into MUNICIPIOS (ID_MUNICIPIO_PK,NOMBRE_MUNICIPIO,ID_ENTIDAD_FK) values (12030,'Florencio Villarreal',12);
Insert into MUNICIPIOS (ID_MUNICIPIO_PK,NOMBRE_MUNICIPIO,ID_ENTIDAD_FK) values (12025,'Cuautepec',12);
Insert into MUNICIPIOS (ID_MUNICIPIO_PK,NOMBRE_MUNICIPIO,ID_ENTIDAD_FK) values (12018,'Copala',12);
Insert into MUNICIPIOS (ID_MUNICIPIO_PK,NOMBRE_MUNICIPIO,ID_ENTIDAD_FK) values (12013,'Azoyú',12);
Insert into MUNICIPIOS (ID_MUNICIPIO_PK,NOMBRE_MUNICIPIO,ID_ENTIDAD_FK) values (12080,'Juchitán',12);
Insert into MUNICIPIOS (ID_MUNICIPIO_PK,NOMBRE_MUNICIPIO,ID_ENTIDAD_FK) values (12077,'Marquelia',12);
Insert into MUNICIPIOS (ID_MUNICIPIO_PK,NOMBRE_MUNICIPIO,ID_ENTIDAD_FK) values (12023,'Cuajinicuilapa',12);
Insert into MUNICIPIOS (ID_MUNICIPIO_PK,NOMBRE_MUNICIPIO,ID_ENTIDAD_FK) values (12036,'Igualapa',12);
Insert into MUNICIPIOS (ID_MUNICIPIO_PK,NOMBRE_MUNICIPIO,ID_ENTIDAD_FK) values (13048,'Pachuca de Soto',13);
Insert into MUNICIPIOS (ID_MUNICIPIO_PK,NOMBRE_MUNICIPIO,ID_ENTIDAD_FK) values (13038,'Mineral del Chico',13);
Insert into MUNICIPIOS (ID_MUNICIPIO_PK,NOMBRE_MUNICIPIO,ID_ENTIDAD_FK) values (13039,'Mineral del Monte',13);
Insert into MUNICIPIOS (ID_MUNICIPIO_PK,NOMBRE_MUNICIPIO,ID_ENTIDAD_FK) values (13005,'Ajacuba',13);
Insert into MUNICIPIOS (ID_MUNICIPIO_PK,NOMBRE_MUNICIPIO,ID_ENTIDAD_FK) values (13052,'San Agustín Tlaxiaca',13);
Insert into MUNICIPIOS (ID_MUNICIPIO_PK,NOMBRE_MUNICIPIO,ID_ENTIDAD_FK) values (13051,'Mineral de la Reforma',13);
Insert into MUNICIPIOS (ID_MUNICIPIO_PK,NOMBRE_MUNICIPIO,ID_ENTIDAD_FK) values (13082,'Zapotlán de Juárez',13);
Insert into MUNICIPIOS (ID_MUNICIPIO_PK,NOMBRE_MUNICIPIO,ID_ENTIDAD_FK) values (13031,'Jacala de Ledezma',13);
Insert into MUNICIPIOS (ID_MUNICIPIO_PK,NOMBRE_MUNICIPIO,ID_ENTIDAD_FK) values (13049,'Pisaflores',13);
Insert into MUNICIPIOS (ID_MUNICIPIO_PK,NOMBRE_MUNICIPIO,ID_ENTIDAD_FK) values (13047,'Pacula',13);
Insert into MUNICIPIOS (ID_MUNICIPIO_PK,NOMBRE_MUNICIPIO,ID_ENTIDAD_FK) values (13040,'La Misión',13);
Insert into MUNICIPIOS (ID_MUNICIPIO_PK,NOMBRE_MUNICIPIO,ID_ENTIDAD_FK) values (13018,'Chapulhuacán',13);
Insert into MUNICIPIOS (ID_MUNICIPIO_PK,NOMBRE_MUNICIPIO,ID_ENTIDAD_FK) values (13030,'Ixmiquilpan',13);
Insert into MUNICIPIOS (ID_MUNICIPIO_PK,NOMBRE_MUNICIPIO,ID_ENTIDAD_FK) values (13084,'Zimapán',13);
Insert into MUNICIPIOS (ID_MUNICIPIO_PK,NOMBRE_MUNICIPIO,ID_ENTIDAD_FK) values (13043,'Nicolás Flores',13);
Insert into MUNICIPIOS (ID_MUNICIPIO_PK,NOMBRE_MUNICIPIO,ID_ENTIDAD_FK) values (13015,'Cardonal',13);
Insert into MUNICIPIOS (ID_MUNICIPIO_PK,NOMBRE_MUNICIPIO,ID_ENTIDAD_FK) values (13058,'Tasquillo',13);
Insert into MUNICIPIOS (ID_MUNICIPIO_PK,NOMBRE_MUNICIPIO,ID_ENTIDAD_FK) values (13006,'Alfajayucan',13);
Insert into MUNICIPIOS (ID_MUNICIPIO_PK,NOMBRE_MUNICIPIO,ID_ENTIDAD_FK) values (13029,'Huichapan',13);
Insert into MUNICIPIOS (ID_MUNICIPIO_PK,NOMBRE_MUNICIPIO,ID_ENTIDAD_FK) values (13059,'Tecozautla',13);
Insert into MUNICIPIOS (ID_MUNICIPIO_PK,NOMBRE_MUNICIPIO,ID_ENTIDAD_FK) values (13044,'Nopala de Villagrán',13);
Insert into MUNICIPIOS (ID_MUNICIPIO_PK,NOMBRE_MUNICIPIO,ID_ENTIDAD_FK) values (13003,'Actopan',13);
Insert into MUNICIPIOS (ID_MUNICIPIO_PK,NOMBRE_MUNICIPIO,ID_ENTIDAD_FK) values (13055,'Santiago de Anaya',13);
Insert into MUNICIPIOS (ID_MUNICIPIO_PK,NOMBRE_MUNICIPIO,ID_ENTIDAD_FK) values (13054,'San Salvador',13);
Insert into MUNICIPIOS (ID_MUNICIPIO_PK,NOMBRE_MUNICIPIO,ID_ENTIDAD_FK) values (13023,'Francisco I. Madero',13);
Insert into MUNICIPIOS (ID_MUNICIPIO_PK,NOMBRE_MUNICIPIO,ID_ENTIDAD_FK) values (13009,'El Arenal',13);
Insert into MUNICIPIOS (ID_MUNICIPIO_PK,NOMBRE_MUNICIPIO,ID_ENTIDAD_FK) values (13041,'Mixquiahuala de Juárez',13);
Insert into MUNICIPIOS (ID_MUNICIPIO_PK,NOMBRE_MUNICIPIO,ID_ENTIDAD_FK) values (13050,'Progreso de Obregón',13);
Insert into MUNICIPIOS (ID_MUNICIPIO_PK,NOMBRE_MUNICIPIO,ID_ENTIDAD_FK) values (13019,'Chilcuautla',13);
Insert into MUNICIPIOS (ID_MUNICIPIO_PK,NOMBRE_MUNICIPIO,ID_ENTIDAD_FK) values (13067,'Tezontepec de Aldama',13);
Insert into MUNICIPIOS (ID_MUNICIPIO_PK,NOMBRE_MUNICIPIO,ID_ENTIDAD_FK) values (13070,'Tlahuelilpan',13);
Insert into MUNICIPIOS (ID_MUNICIPIO_PK,NOMBRE_MUNICIPIO,ID_ENTIDAD_FK) values (13076,'Tula de Allende',13);
Insert into MUNICIPIOS (ID_MUNICIPIO_PK,NOMBRE_MUNICIPIO,ID_ENTIDAD_FK) values (13063,'Tepeji del Río de Ocampo',13);
Insert into MUNICIPIOS (ID_MUNICIPIO_PK,NOMBRE_MUNICIPIO,ID_ENTIDAD_FK) values (13017,'Chapantongo',13);
Insert into MUNICIPIOS (ID_MUNICIPIO_PK,NOMBRE_MUNICIPIO,ID_ENTIDAD_FK) values (13064,'Tepetitlán',13);
Insert into MUNICIPIOS (ID_MUNICIPIO_PK,NOMBRE_MUNICIPIO,ID_ENTIDAD_FK) values (13065,'Tetepango',13);
Insert into MUNICIPIOS (ID_MUNICIPIO_PK,NOMBRE_MUNICIPIO,ID_ENTIDAD_FK) values (13074,'Tlaxcoapan',13);
Insert into MUNICIPIOS (ID_MUNICIPIO_PK,NOMBRE_MUNICIPIO,ID_ENTIDAD_FK) values (13010,'Atitalaquia',13);
Insert into MUNICIPIOS (ID_MUNICIPIO_PK,NOMBRE_MUNICIPIO,ID_ENTIDAD_FK) values (13013,'Atotonilco de Tula',13);
Insert into MUNICIPIOS (ID_MUNICIPIO_PK,NOMBRE_MUNICIPIO,ID_ENTIDAD_FK) values (13028,'Huejutla de Reyes',13);
Insert into MUNICIPIOS (ID_MUNICIPIO_PK,NOMBRE_MUNICIPIO,ID_ENTIDAD_FK) values (13046,'San Felipe Orizatlán',13);
Insert into MUNICIPIOS (ID_MUNICIPIO_PK,NOMBRE_MUNICIPIO,ID_ENTIDAD_FK) values (13032,'Jaltocán',13);
Insert into MUNICIPIOS (ID_MUNICIPIO_PK,NOMBRE_MUNICIPIO,ID_ENTIDAD_FK) values (13025,'Huautla',13);
Insert into MUNICIPIOS (ID_MUNICIPIO_PK,NOMBRE_MUNICIPIO,ID_ENTIDAD_FK) values (13011,'Atlapexco',13);
Insert into MUNICIPIOS (ID_MUNICIPIO_PK,NOMBRE_MUNICIPIO,ID_ENTIDAD_FK) values (13026,'Huazalingo',13);
Insert into MUNICIPIOS (ID_MUNICIPIO_PK,NOMBRE_MUNICIPIO,ID_ENTIDAD_FK) values (13080,'Yahualica',13);
Insert into MUNICIPIOS (ID_MUNICIPIO_PK,NOMBRE_MUNICIPIO,ID_ENTIDAD_FK) values (13078,'Xochiatipan',13);
Insert into MUNICIPIOS (ID_MUNICIPIO_PK,NOMBRE_MUNICIPIO,ID_ENTIDAD_FK) values (13042,'Molango de Escamilla',13);
Insert into MUNICIPIOS (ID_MUNICIPIO_PK,NOMBRE_MUNICIPIO,ID_ENTIDAD_FK) values (13062,'Tepehuacán de Guerrero',13);
Insert into MUNICIPIOS (ID_MUNICIPIO_PK,NOMBRE_MUNICIPIO,ID_ENTIDAD_FK) values (13034,'Lolotla',13);
Insert into MUNICIPIOS (ID_MUNICIPIO_PK,NOMBRE_MUNICIPIO,ID_ENTIDAD_FK) values (13073,'Tlanchinol',13);
Insert into MUNICIPIOS (ID_MUNICIPIO_PK,NOMBRE_MUNICIPIO,ID_ENTIDAD_FK) values (13071,'Tlahuiltepa',13);
Insert into MUNICIPIOS (ID_MUNICIPIO_PK,NOMBRE_MUNICIPIO,ID_ENTIDAD_FK) values (13033,'Juárez Hidalgo',13);
Insert into MUNICIPIOS (ID_MUNICIPIO_PK,NOMBRE_MUNICIPIO,ID_ENTIDAD_FK) values (13081,'Zacualtipán de Ángeles',13);
Insert into MUNICIPIOS (ID_MUNICIPIO_PK,NOMBRE_MUNICIPIO,ID_ENTIDAD_FK) values (13014,'Calnali',13);
Insert into MUNICIPIOS (ID_MUNICIPIO_PK,NOMBRE_MUNICIPIO,ID_ENTIDAD_FK) values (13079,'Xochicoatlán',13);
Insert into MUNICIPIOS (ID_MUNICIPIO_PK,NOMBRE_MUNICIPIO,ID_ENTIDAD_FK) values (13068,'Tianguistengo',13);
Insert into MUNICIPIOS (ID_MUNICIPIO_PK,NOMBRE_MUNICIPIO,ID_ENTIDAD_FK) values (13012,'Atotonilco el Grande',13);
Insert into MUNICIPIOS (ID_MUNICIPIO_PK,NOMBRE_MUNICIPIO,ID_ENTIDAD_FK) values (13020,'Eloxochitlán',13);
Insert into MUNICIPIOS (ID_MUNICIPIO_PK,NOMBRE_MUNICIPIO,ID_ENTIDAD_FK) values (13037,'Metztitlán',13);
Insert into MUNICIPIOS (ID_MUNICIPIO_PK,NOMBRE_MUNICIPIO,ID_ENTIDAD_FK) values (13036,'San Agustín Metzquititlán',13);
Insert into MUNICIPIOS (ID_MUNICIPIO_PK,NOMBRE_MUNICIPIO,ID_ENTIDAD_FK) values (13035,'Metepec',13);
Insert into MUNICIPIOS (ID_MUNICIPIO_PK,NOMBRE_MUNICIPIO,ID_ENTIDAD_FK) values (13027,'Huehuetla',13);
Insert into MUNICIPIOS (ID_MUNICIPIO_PK,NOMBRE_MUNICIPIO,ID_ENTIDAD_FK) values (13053,'San Bartolo Tutotepec',13);
Insert into MUNICIPIOS (ID_MUNICIPIO_PK,NOMBRE_MUNICIPIO,ID_ENTIDAD_FK) values (13004,'Agua Blanca de Iturbide',13);
Insert into MUNICIPIOS (ID_MUNICIPIO_PK,NOMBRE_MUNICIPIO,ID_ENTIDAD_FK) values (13060,'Tenango de Doria',13);
Insert into MUNICIPIOS (ID_MUNICIPIO_PK,NOMBRE_MUNICIPIO,ID_ENTIDAD_FK) values (13024,'Huasca de Ocampo',13);
Insert into MUNICIPIOS (ID_MUNICIPIO_PK,NOMBRE_MUNICIPIO,ID_ENTIDAD_FK) values (13001,'Acatlán',13);
Insert into MUNICIPIOS (ID_MUNICIPIO_PK,NOMBRE_MUNICIPIO,ID_ENTIDAD_FK) values (13045,'Omitlán de Juárez',13);
Insert into MUNICIPIOS (ID_MUNICIPIO_PK,NOMBRE_MUNICIPIO,ID_ENTIDAD_FK) values (13022,'Epazoyucan',13);
Insert into MUNICIPIOS (ID_MUNICIPIO_PK,NOMBRE_MUNICIPIO,ID_ENTIDAD_FK) values (13077,'Tulancingo de Bravo',13);
Insert into MUNICIPIOS (ID_MUNICIPIO_PK,NOMBRE_MUNICIPIO,ID_ENTIDAD_FK) values (13002,'Acaxochitlán',13);
Insert into MUNICIPIOS (ID_MUNICIPIO_PK,NOMBRE_MUNICIPIO,ID_ENTIDAD_FK) values (13016,'Cuautepec de Hinojosa',13);
Insert into MUNICIPIOS (ID_MUNICIPIO_PK,NOMBRE_MUNICIPIO,ID_ENTIDAD_FK) values (13056,'Santiago Tulantepec de Lugo Guerrero',13);
Insert into MUNICIPIOS (ID_MUNICIPIO_PK,NOMBRE_MUNICIPIO,ID_ENTIDAD_FK) values (13057,'Singuilucan',13);
Insert into MUNICIPIOS (ID_MUNICIPIO_PK,NOMBRE_MUNICIPIO,ID_ENTIDAD_FK) values (13069,'Tizayuca',13);
Insert into MUNICIPIOS (ID_MUNICIPIO_PK,NOMBRE_MUNICIPIO,ID_ENTIDAD_FK) values (13083,'Zempoala',13);
Insert into MUNICIPIOS (ID_MUNICIPIO_PK,NOMBRE_MUNICIPIO,ID_ENTIDAD_FK) values (13075,'Tolcayuca',13);
Insert into MUNICIPIOS (ID_MUNICIPIO_PK,NOMBRE_MUNICIPIO,ID_ENTIDAD_FK) values (13066,'Villa de Tezontepec',13);
Insert into MUNICIPIOS (ID_MUNICIPIO_PK,NOMBRE_MUNICIPIO,ID_ENTIDAD_FK) values (13008,'Apan',13);
Insert into MUNICIPIOS (ID_MUNICIPIO_PK,NOMBRE_MUNICIPIO,ID_ENTIDAD_FK) values (13072,'Tlanalapa',13);
Insert into MUNICIPIOS (ID_MUNICIPIO_PK,NOMBRE_MUNICIPIO,ID_ENTIDAD_FK) values (13007,'Almoloya',13);
Insert into MUNICIPIOS (ID_MUNICIPIO_PK,NOMBRE_MUNICIPIO,ID_ENTIDAD_FK) values (13021,'Emiliano Zapata',13);
Insert into MUNICIPIOS (ID_MUNICIPIO_PK,NOMBRE_MUNICIPIO,ID_ENTIDAD_FK) values (13061,'Tepeapulco',13);
Insert into MUNICIPIOS (ID_MUNICIPIO_PK,NOMBRE_MUNICIPIO,ID_ENTIDAD_FK) values (14039,'Guadalajara',14);
Insert into MUNICIPIOS (ID_MUNICIPIO_PK,NOMBRE_MUNICIPIO,ID_ENTIDAD_FK) values (14120,'Zapopan',14);
Insert into MUNICIPIOS (ID_MUNICIPIO_PK,NOMBRE_MUNICIPIO,ID_ENTIDAD_FK) values (14071,'San Cristóbal de la Barranca',14);
Insert into MUNICIPIOS (ID_MUNICIPIO_PK,NOMBRE_MUNICIPIO,ID_ENTIDAD_FK) values (14045,'Ixtlahuacán del Río',14);
Insert into MUNICIPIOS (ID_MUNICIPIO_PK,NOMBRE_MUNICIPIO,ID_ENTIDAD_FK) values (14083,'Tala',14);
Insert into MUNICIPIOS (ID_MUNICIPIO_PK,NOMBRE_MUNICIPIO,ID_ENTIDAD_FK) values (14009,'El Arenal',14);
Insert into MUNICIPIOS (ID_MUNICIPIO_PK,NOMBRE_MUNICIPIO,ID_ENTIDAD_FK) values (14005,'Amatitán',14);
Insert into MUNICIPIOS (ID_MUNICIPIO_PK,NOMBRE_MUNICIPIO,ID_ENTIDAD_FK) values (14101,'Tonalá',14);
Insert into MUNICIPIOS (ID_MUNICIPIO_PK,NOMBRE_MUNICIPIO,ID_ENTIDAD_FK) values (14124,'Zapotlanejo',14);
Insert into MUNICIPIOS (ID_MUNICIPIO_PK,NOMBRE_MUNICIPIO,ID_ENTIDAD_FK) values (14001,'Acatic',14);
Insert into MUNICIPIOS (ID_MUNICIPIO_PK,NOMBRE_MUNICIPIO,ID_ENTIDAD_FK) values (14029,'Cuquío',14);
Insert into MUNICIPIOS (ID_MUNICIPIO_PK,NOMBRE_MUNICIPIO,ID_ENTIDAD_FK) values (14098,'San Pedro Tlaquepaque',14);
Insert into MUNICIPIOS (ID_MUNICIPIO_PK,NOMBRE_MUNICIPIO,ID_ENTIDAD_FK) values (14097,'Tlajomulco de Zúñiga',14);
Insert into MUNICIPIOS (ID_MUNICIPIO_PK,NOMBRE_MUNICIPIO,ID_ENTIDAD_FK) values (14070,'El Salto',14);
Insert into MUNICIPIOS (ID_MUNICIPIO_PK,NOMBRE_MUNICIPIO,ID_ENTIDAD_FK) values (14002,'Acatlán de Juárez',14);
Insert into MUNICIPIOS (ID_MUNICIPIO_PK,NOMBRE_MUNICIPIO,ID_ENTIDAD_FK) values (14114,'Villa Corona',14);
Insert into MUNICIPIOS (ID_MUNICIPIO_PK,NOMBRE_MUNICIPIO,ID_ENTIDAD_FK) values (14119,'Zacoalco de Torres',14);
Insert into MUNICIPIOS (ID_MUNICIPIO_PK,NOMBRE_MUNICIPIO,ID_ENTIDAD_FK) values (14010,'Atemajac de Brizuela',14);
Insert into MUNICIPIOS (ID_MUNICIPIO_PK,NOMBRE_MUNICIPIO,ID_ENTIDAD_FK) values (14050,'Jocotepec',14);
Insert into MUNICIPIOS (ID_MUNICIPIO_PK,NOMBRE_MUNICIPIO,ID_ENTIDAD_FK) values (14044,'Ixtlahuacán de los Membrillos',14);
Insert into MUNICIPIOS (ID_MUNICIPIO_PK,NOMBRE_MUNICIPIO,ID_ENTIDAD_FK) values (14051,'Juanacatlán',14);
Insert into MUNICIPIOS (ID_MUNICIPIO_PK,NOMBRE_MUNICIPIO,ID_ENTIDAD_FK) values (14030,'Chapala',14);
Insert into MUNICIPIOS (ID_MUNICIPIO_PK,NOMBRE_MUNICIPIO,ID_ENTIDAD_FK) values (14066,'Poncitlán',14);
Insert into MUNICIPIOS (ID_MUNICIPIO_PK,NOMBRE_MUNICIPIO,ID_ENTIDAD_FK) values (14123,'Zapotlán del Rey',14);
Insert into MUNICIPIOS (ID_MUNICIPIO_PK,NOMBRE_MUNICIPIO,ID_ENTIDAD_FK) values (14042,'Huejuquilla el Alto',14);
Insert into MUNICIPIOS (ID_MUNICIPIO_PK,NOMBRE_MUNICIPIO,ID_ENTIDAD_FK) values (14061,'Mezquitic',14);
Insert into MUNICIPIOS (ID_MUNICIPIO_PK,NOMBRE_MUNICIPIO,ID_ENTIDAD_FK) values (14115,'Villa Guerrero',14);
Insert into MUNICIPIOS (ID_MUNICIPIO_PK,NOMBRE_MUNICIPIO,ID_ENTIDAD_FK) values (14019,'Bolaños',14);
Insert into MUNICIPIOS (ID_MUNICIPIO_PK,NOMBRE_MUNICIPIO,ID_ENTIDAD_FK) values (14104,'Totatiche',14);
Insert into MUNICIPIOS (ID_MUNICIPIO_PK,NOMBRE_MUNICIPIO,ID_ENTIDAD_FK) values (14025,'Colotlán',14);
Insert into MUNICIPIOS (ID_MUNICIPIO_PK,NOMBRE_MUNICIPIO,ID_ENTIDAD_FK) values (14081,'Santa María de los Ángeles',14);
Insert into MUNICIPIOS (ID_MUNICIPIO_PK,NOMBRE_MUNICIPIO,ID_ENTIDAD_FK) values (14041,'Huejúcar',14);
Insert into MUNICIPIOS (ID_MUNICIPIO_PK,NOMBRE_MUNICIPIO,ID_ENTIDAD_FK) values (14031,'Chimaltitán',14);
Insert into MUNICIPIOS (ID_MUNICIPIO_PK,NOMBRE_MUNICIPIO,ID_ENTIDAD_FK) values (14076,'San Martín de Bolaños',14);
Insert into MUNICIPIOS (ID_MUNICIPIO_PK,NOMBRE_MUNICIPIO,ID_ENTIDAD_FK) values (14094,'Tequila',14);
Insert into MUNICIPIOS (ID_MUNICIPIO_PK,NOMBRE_MUNICIPIO,ID_ENTIDAD_FK) values (14040,'Hostotipaquillo',14);
Insert into MUNICIPIOS (ID_MUNICIPIO_PK,NOMBRE_MUNICIPIO,ID_ENTIDAD_FK) values (14055,'Magdalena',14);
Insert into MUNICIPIOS (ID_MUNICIPIO_PK,NOMBRE_MUNICIPIO,ID_ENTIDAD_FK) values (14036,'Etzatlán',14);
Insert into MUNICIPIOS (ID_MUNICIPIO_PK,NOMBRE_MUNICIPIO,ID_ENTIDAD_FK) values (14075,'San Marcos',14);
Insert into MUNICIPIOS (ID_MUNICIPIO_PK,NOMBRE_MUNICIPIO,ID_ENTIDAD_FK) values (14007,'San Juanito de Escobedo',14);
Insert into MUNICIPIOS (ID_MUNICIPIO_PK,NOMBRE_MUNICIPIO,ID_ENTIDAD_FK) values (14006,'Ameca',14);
Insert into MUNICIPIOS (ID_MUNICIPIO_PK,NOMBRE_MUNICIPIO,ID_ENTIDAD_FK) values (14003,'Ahualulco de Mercado',14);
Insert into MUNICIPIOS (ID_MUNICIPIO_PK,NOMBRE_MUNICIPIO,ID_ENTIDAD_FK) values (14095,'Teuchitlán',14);
Insert into MUNICIPIOS (ID_MUNICIPIO_PK,NOMBRE_MUNICIPIO,ID_ENTIDAD_FK) values (14077,'San Martín Hidalgo',14);
Insert into MUNICIPIOS (ID_MUNICIPIO_PK,NOMBRE_MUNICIPIO,ID_ENTIDAD_FK) values (14038,'Guachinango',14);
Insert into MUNICIPIOS (ID_MUNICIPIO_PK,NOMBRE_MUNICIPIO,ID_ENTIDAD_FK) values (14062,'Mixtlán',14);
Insert into MUNICIPIOS (ID_MUNICIPIO_PK,NOMBRE_MUNICIPIO,ID_ENTIDAD_FK) values (14058,'Mascota',14);
Insert into MUNICIPIOS (ID_MUNICIPIO_PK,NOMBRE_MUNICIPIO,ID_ENTIDAD_FK) values (14080,'San Sebastián del Oeste',14);
Insert into MUNICIPIOS (ID_MUNICIPIO_PK,NOMBRE_MUNICIPIO,ID_ENTIDAD_FK) values (14073,'San Juan de los Lagos',14);
Insert into MUNICIPIOS (ID_MUNICIPIO_PK,NOMBRE_MUNICIPIO,ID_ENTIDAD_FK) values (14046,'Jalostotitlán',14);
Insert into MUNICIPIOS (ID_MUNICIPIO_PK,NOMBRE_MUNICIPIO,ID_ENTIDAD_FK) values (14078,'San Miguel el Alto',14);
Insert into MUNICIPIOS (ID_MUNICIPIO_PK,NOMBRE_MUNICIPIO,ID_ENTIDAD_FK) values (14074,'San Julián',14);
Insert into MUNICIPIOS (ID_MUNICIPIO_PK,NOMBRE_MUNICIPIO,ID_ENTIDAD_FK) values (14008,'Arandas',14);
Insert into MUNICIPIOS (ID_MUNICIPIO_PK,NOMBRE_MUNICIPIO,ID_ENTIDAD_FK) values (14125,'San Ignacio Cerro Gordo',14);
Insert into MUNICIPIOS (ID_MUNICIPIO_PK,NOMBRE_MUNICIPIO,ID_ENTIDAD_FK) values (14091,'Teocaltiche',14);
Insert into MUNICIPIOS (ID_MUNICIPIO_PK,NOMBRE_MUNICIPIO,ID_ENTIDAD_FK) values (14116,'Villa Hidalgo',14);
Insert into MUNICIPIOS (ID_MUNICIPIO_PK,NOMBRE_MUNICIPIO,ID_ENTIDAD_FK) values (14035,'Encarnación de Díaz',14);
Insert into MUNICIPIOS (ID_MUNICIPIO_PK,NOMBRE_MUNICIPIO,ID_ENTIDAD_FK) values (14118,'Yahualica de González Gallo',14);
Insert into MUNICIPIOS (ID_MUNICIPIO_PK,NOMBRE_MUNICIPIO,ID_ENTIDAD_FK) values (14060,'Mexticacán',14);
Insert into MUNICIPIOS (ID_MUNICIPIO_PK,NOMBRE_MUNICIPIO,ID_ENTIDAD_FK) values (14117,'Cañadas de Obregón',14);
Insert into MUNICIPIOS (ID_MUNICIPIO_PK,NOMBRE_MUNICIPIO,ID_ENTIDAD_FK) values (14111,'Valle de Guadalupe',14);
Insert into MUNICIPIOS (ID_MUNICIPIO_PK,NOMBRE_MUNICIPIO,ID_ENTIDAD_FK) values (14053,'Lagos de Moreno',14);
Insert into MUNICIPIOS (ID_MUNICIPIO_PK,NOMBRE_MUNICIPIO,ID_ENTIDAD_FK) values (14064,'Ojuelos de Jalisco',14);
Insert into MUNICIPIOS (ID_MUNICIPIO_PK,NOMBRE_MUNICIPIO,ID_ENTIDAD_FK) values (14109,'Unión de San Antonio',14);
Insert into MUNICIPIOS (ID_MUNICIPIO_PK,NOMBRE_MUNICIPIO,ID_ENTIDAD_FK) values (14072,'San Diego de Alejandría',14);
Insert into MUNICIPIOS (ID_MUNICIPIO_PK,NOMBRE_MUNICIPIO,ID_ENTIDAD_FK) values (14093,'Tepatitlán de Morelos',14);
Insert into MUNICIPIOS (ID_MUNICIPIO_PK,NOMBRE_MUNICIPIO,ID_ENTIDAD_FK) values (14105,'Tototlán',14);
Insert into MUNICIPIOS (ID_MUNICIPIO_PK,NOMBRE_MUNICIPIO,ID_ENTIDAD_FK) values (14013,'Atotonilco el Alto',14);
Insert into MUNICIPIOS (ID_MUNICIPIO_PK,NOMBRE_MUNICIPIO,ID_ENTIDAD_FK) values (14063,'Ocotlán',14);
Insert into MUNICIPIOS (ID_MUNICIPIO_PK,NOMBRE_MUNICIPIO,ID_ENTIDAD_FK) values (14047,'Jamay',14);
Insert into MUNICIPIOS (ID_MUNICIPIO_PK,NOMBRE_MUNICIPIO,ID_ENTIDAD_FK) values (14018,'La Barca',14);
Insert into MUNICIPIOS (ID_MUNICIPIO_PK,NOMBRE_MUNICIPIO,ID_ENTIDAD_FK) values (14016,'Ayotlán',14);
Insert into MUNICIPIOS (ID_MUNICIPIO_PK,NOMBRE_MUNICIPIO,ID_ENTIDAD_FK) values (14048,'Jesús María',14);
Insert into MUNICIPIOS (ID_MUNICIPIO_PK,NOMBRE_MUNICIPIO,ID_ENTIDAD_FK) values (14033,'Degollado',14);
Insert into MUNICIPIOS (ID_MUNICIPIO_PK,NOMBRE_MUNICIPIO,ID_ENTIDAD_FK) values (14110,'Unión de Tula',14);
Insert into MUNICIPIOS (ID_MUNICIPIO_PK,NOMBRE_MUNICIPIO,ID_ENTIDAD_FK) values (14017,'Ayutla',14);
Insert into MUNICIPIOS (ID_MUNICIPIO_PK,NOMBRE_MUNICIPIO,ID_ENTIDAD_FK) values (14012,'Atenguillo',14);
Insert into MUNICIPIOS (ID_MUNICIPIO_PK,NOMBRE_MUNICIPIO,ID_ENTIDAD_FK) values (14028,'Cuautla',14);
Insert into MUNICIPIOS (ID_MUNICIPIO_PK,NOMBRE_MUNICIPIO,ID_ENTIDAD_FK) values (14011,'Atengo',14);
Insert into MUNICIPIOS (ID_MUNICIPIO_PK,NOMBRE_MUNICIPIO,ID_ENTIDAD_FK) values (14084,'Talpa de Allende',14);
Insert into MUNICIPIOS (ID_MUNICIPIO_PK,NOMBRE_MUNICIPIO,ID_ENTIDAD_FK) values (14067,'Puerto Vallarta',14);
Insert into MUNICIPIOS (ID_MUNICIPIO_PK,NOMBRE_MUNICIPIO,ID_ENTIDAD_FK) values (14020,'Cabo Corrientes',14);
Insert into MUNICIPIOS (ID_MUNICIPIO_PK,NOMBRE_MUNICIPIO,ID_ENTIDAD_FK) values (14100,'Tomatlán',14);
Insert into MUNICIPIOS (ID_MUNICIPIO_PK,NOMBRE_MUNICIPIO,ID_ENTIDAD_FK) values (14024,'Cocula',14);
Insert into MUNICIPIOS (ID_MUNICIPIO_PK,NOMBRE_MUNICIPIO,ID_ENTIDAD_FK) values (14088,'Tecolotlán',14);
Insert into MUNICIPIOS (ID_MUNICIPIO_PK,NOMBRE_MUNICIPIO,ID_ENTIDAD_FK) values (14090,'Tenamaxtlán',14);
Insert into MUNICIPIOS (ID_MUNICIPIO_PK,NOMBRE_MUNICIPIO,ID_ENTIDAD_FK) values (14052,'Juchitlán',14);
Insert into MUNICIPIOS (ID_MUNICIPIO_PK,NOMBRE_MUNICIPIO,ID_ENTIDAD_FK) values (14032,'Chiquilistlán',14);
Insert into MUNICIPIOS (ID_MUNICIPIO_PK,NOMBRE_MUNICIPIO,ID_ENTIDAD_FK) values (14034,'Ejutla',14);
Insert into MUNICIPIOS (ID_MUNICIPIO_PK,NOMBRE_MUNICIPIO,ID_ENTIDAD_FK) values (14054,'El Limón',14);
Insert into MUNICIPIOS (ID_MUNICIPIO_PK,NOMBRE_MUNICIPIO,ID_ENTIDAD_FK) values (14037,'El Grullo',14);
Insert into MUNICIPIOS (ID_MUNICIPIO_PK,NOMBRE_MUNICIPIO,ID_ENTIDAD_FK) values (14102,'Tonaya',14);
Insert into MUNICIPIOS (ID_MUNICIPIO_PK,NOMBRE_MUNICIPIO,ID_ENTIDAD_FK) values (14106,'Tuxcacuesco',14);
Insert into MUNICIPIOS (ID_MUNICIPIO_PK,NOMBRE_MUNICIPIO,ID_ENTIDAD_FK) values (14068,'Villa Purificación',14);
Insert into MUNICIPIOS (ID_MUNICIPIO_PK,NOMBRE_MUNICIPIO,ID_ENTIDAD_FK) values (14043,'La Huerta',14);
Insert into MUNICIPIOS (ID_MUNICIPIO_PK,NOMBRE_MUNICIPIO,ID_ENTIDAD_FK) values (14015,'Autlán de Navarro',14);
Insert into MUNICIPIOS (ID_MUNICIPIO_PK,NOMBRE_MUNICIPIO,ID_ENTIDAD_FK) values (14021,'Casimiro Castillo',14);
Insert into MUNICIPIOS (ID_MUNICIPIO_PK,NOMBRE_MUNICIPIO,ID_ENTIDAD_FK) values (14027,'Cuautitlán de García Barragán',14);
Insert into MUNICIPIOS (ID_MUNICIPIO_PK,NOMBRE_MUNICIPIO,ID_ENTIDAD_FK) values (14022,'Cihuatlán',14);
Insert into MUNICIPIOS (ID_MUNICIPIO_PK,NOMBRE_MUNICIPIO,ID_ENTIDAD_FK) values (14023,'Zapotlán el Grande',14);
Insert into MUNICIPIOS (ID_MUNICIPIO_PK,NOMBRE_MUNICIPIO,ID_ENTIDAD_FK) values (14079,'Gómez Farías',14);
Insert into MUNICIPIOS (ID_MUNICIPIO_PK,NOMBRE_MUNICIPIO,ID_ENTIDAD_FK) values (14026,'Concepción de Buenos Aires',14);
Insert into MUNICIPIOS (ID_MUNICIPIO_PK,NOMBRE_MUNICIPIO,ID_ENTIDAD_FK) values (14014,'Atoyac',14);
Insert into MUNICIPIOS (ID_MUNICIPIO_PK,NOMBRE_MUNICIPIO,ID_ENTIDAD_FK) values (14089,'Techaluta de Montenegro',14);
Insert into MUNICIPIOS (ID_MUNICIPIO_PK,NOMBRE_MUNICIPIO,ID_ENTIDAD_FK) values (14092,'Teocuitatlán de Corona',14);
Insert into MUNICIPIOS (ID_MUNICIPIO_PK,NOMBRE_MUNICIPIO,ID_ENTIDAD_FK) values (14082,'Sayula',14);
Insert into MUNICIPIOS (ID_MUNICIPIO_PK,NOMBRE_MUNICIPIO,ID_ENTIDAD_FK) values (14086,'Tapalpa',14);
Insert into MUNICIPIOS (ID_MUNICIPIO_PK,NOMBRE_MUNICIPIO,ID_ENTIDAD_FK) values (14004,'Amacueca',14);
Insert into MUNICIPIOS (ID_MUNICIPIO_PK,NOMBRE_MUNICIPIO,ID_ENTIDAD_FK) values (14096,'Tizapán el Alto',14);
Insert into MUNICIPIOS (ID_MUNICIPIO_PK,NOMBRE_MUNICIPIO,ID_ENTIDAD_FK) values (14107,'Tuxcueca',14);
Insert into MUNICIPIOS (ID_MUNICIPIO_PK,NOMBRE_MUNICIPIO,ID_ENTIDAD_FK) values (14057,'La Manzanilla de la Paz',14);
Insert into MUNICIPIOS (ID_MUNICIPIO_PK,NOMBRE_MUNICIPIO,ID_ENTIDAD_FK) values (14059,'Mazamitla',14);
Insert into MUNICIPIOS (ID_MUNICIPIO_PK,NOMBRE_MUNICIPIO,ID_ENTIDAD_FK) values (14112,'Valle de Juárez',14);
Insert into MUNICIPIOS (ID_MUNICIPIO_PK,NOMBRE_MUNICIPIO,ID_ENTIDAD_FK) values (14069,'Quitupan',14);
Insert into MUNICIPIOS (ID_MUNICIPIO_PK,NOMBRE_MUNICIPIO,ID_ENTIDAD_FK) values (14121,'Zapotiltic',14);
Insert into MUNICIPIOS (ID_MUNICIPIO_PK,NOMBRE_MUNICIPIO,ID_ENTIDAD_FK) values (14085,'Tamazula de Gordiano',14);
Insert into MUNICIPIOS (ID_MUNICIPIO_PK,NOMBRE_MUNICIPIO,ID_ENTIDAD_FK) values (14113,'San Gabriel',14);
Insert into MUNICIPIOS (ID_MUNICIPIO_PK,NOMBRE_MUNICIPIO,ID_ENTIDAD_FK) values (14099,'Tolimán',14);
Insert into MUNICIPIOS (ID_MUNICIPIO_PK,NOMBRE_MUNICIPIO,ID_ENTIDAD_FK) values (14122,'Zapotitlán de Vadillo',14);
Insert into MUNICIPIOS (ID_MUNICIPIO_PK,NOMBRE_MUNICIPIO,ID_ENTIDAD_FK) values (14108,'Tuxpan',14);
Insert into MUNICIPIOS (ID_MUNICIPIO_PK,NOMBRE_MUNICIPIO,ID_ENTIDAD_FK) values (14103,'Tonila',14);
Insert into MUNICIPIOS (ID_MUNICIPIO_PK,NOMBRE_MUNICIPIO,ID_ENTIDAD_FK) values (14065,'Pihuamo',14);
Insert into MUNICIPIOS (ID_MUNICIPIO_PK,NOMBRE_MUNICIPIO,ID_ENTIDAD_FK) values (14087,'Tecalitlán',14);
Insert into MUNICIPIOS (ID_MUNICIPIO_PK,NOMBRE_MUNICIPIO,ID_ENTIDAD_FK) values (14049,'Jilotlán de los Dolores',14);
Insert into MUNICIPIOS (ID_MUNICIPIO_PK,NOMBRE_MUNICIPIO,ID_ENTIDAD_FK) values (14056,'Santa María del Oro',14);
Insert into MUNICIPIOS (ID_MUNICIPIO_PK,NOMBRE_MUNICIPIO,ID_ENTIDAD_FK) values (15106,'Toluca',15);
Insert into MUNICIPIOS (ID_MUNICIPIO_PK,NOMBRE_MUNICIPIO,ID_ENTIDAD_FK) values (15001,'Acambay de Ruíz Castañeda',15);
Insert into MUNICIPIOS (ID_MUNICIPIO_PK,NOMBRE_MUNICIPIO,ID_ENTIDAD_FK) values (15003,'Aculco',15);
Insert into MUNICIPIOS (ID_MUNICIPIO_PK,NOMBRE_MUNICIPIO,ID_ENTIDAD_FK) values (15085,'Temascalcingo',15);
Insert into MUNICIPIOS (ID_MUNICIPIO_PK,NOMBRE_MUNICIPIO,ID_ENTIDAD_FK) values (15014,'Atlacomulco',15);
Insert into MUNICIPIOS (ID_MUNICIPIO_PK,NOMBRE_MUNICIPIO,ID_ENTIDAD_FK) values (15102,'Timilpan',15);
Insert into MUNICIPIOS (ID_MUNICIPIO_PK,NOMBRE_MUNICIPIO,ID_ENTIDAD_FK) values (15056,'Morelos',15);
Insert into MUNICIPIOS (ID_MUNICIPIO_PK,NOMBRE_MUNICIPIO,ID_ENTIDAD_FK) values (15064,'El Oro',15);
Insert into MUNICIPIOS (ID_MUNICIPIO_PK,NOMBRE_MUNICIPIO,ID_ENTIDAD_FK) values (15074,'San Felipe del Progreso',15);
Insert into MUNICIPIOS (ID_MUNICIPIO_PK,NOMBRE_MUNICIPIO,ID_ENTIDAD_FK) values (15124,'San José del Rincón',15);
Insert into MUNICIPIOS (ID_MUNICIPIO_PK,NOMBRE_MUNICIPIO,ID_ENTIDAD_FK) values (15048,'Jocotitlán',15);
Insert into MUNICIPIOS (ID_MUNICIPIO_PK,NOMBRE_MUNICIPIO,ID_ENTIDAD_FK) values (15042,'Ixtlahuaca',15);
Insert into MUNICIPIOS (ID_MUNICIPIO_PK,NOMBRE_MUNICIPIO,ID_ENTIDAD_FK) values (15047,'Jiquipilco',15);
Insert into MUNICIPIOS (ID_MUNICIPIO_PK,NOMBRE_MUNICIPIO,ID_ENTIDAD_FK) values (15087,'Temoaya',15);
Insert into MUNICIPIOS (ID_MUNICIPIO_PK,NOMBRE_MUNICIPIO,ID_ENTIDAD_FK) values (15005,'Almoloya de Juárez',15);
Insert into MUNICIPIOS (ID_MUNICIPIO_PK,NOMBRE_MUNICIPIO,ID_ENTIDAD_FK) values (15114,'Villa Victoria',15);
Insert into MUNICIPIOS (ID_MUNICIPIO_PK,NOMBRE_MUNICIPIO,ID_ENTIDAD_FK) values (15111,'Villa de Allende',15);
Insert into MUNICIPIOS (ID_MUNICIPIO_PK,NOMBRE_MUNICIPIO,ID_ENTIDAD_FK) values (15032,'Donato Guerra',15);
Insert into MUNICIPIOS (ID_MUNICIPIO_PK,NOMBRE_MUNICIPIO,ID_ENTIDAD_FK) values (15041,'Ixtapan del Oro',15);
Insert into MUNICIPIOS (ID_MUNICIPIO_PK,NOMBRE_MUNICIPIO,ID_ENTIDAD_FK) values (15078,'Santo Tomás',15);
Insert into MUNICIPIOS (ID_MUNICIPIO_PK,NOMBRE_MUNICIPIO,ID_ENTIDAD_FK) values (15066,'Otzoloapan',15);
Insert into MUNICIPIOS (ID_MUNICIPIO_PK,NOMBRE_MUNICIPIO,ID_ENTIDAD_FK) values (15116,'Zacazonapan',15);
Insert into MUNICIPIOS (ID_MUNICIPIO_PK,NOMBRE_MUNICIPIO,ID_ENTIDAD_FK) values (15110,'Valle de Bravo',15);
Insert into MUNICIPIOS (ID_MUNICIPIO_PK,NOMBRE_MUNICIPIO,ID_ENTIDAD_FK) values (15007,'Amanalco',15);
Insert into MUNICIPIOS (ID_MUNICIPIO_PK,NOMBRE_MUNICIPIO,ID_ENTIDAD_FK) values (15086,'Temascaltepec',15);
Insert into MUNICIPIOS (ID_MUNICIPIO_PK,NOMBRE_MUNICIPIO,ID_ENTIDAD_FK) values (15118,'Zinacantepec',15);
Insert into MUNICIPIOS (ID_MUNICIPIO_PK,NOMBRE_MUNICIPIO,ID_ENTIDAD_FK) values (15082,'Tejupilco',15);
Insert into MUNICIPIOS (ID_MUNICIPIO_PK,NOMBRE_MUNICIPIO,ID_ENTIDAD_FK) values (15123,'Luvianos',15);
Insert into MUNICIPIOS (ID_MUNICIPIO_PK,NOMBRE_MUNICIPIO,ID_ENTIDAD_FK) values (15077,'San Simón de Guerrero',15);
Insert into MUNICIPIOS (ID_MUNICIPIO_PK,NOMBRE_MUNICIPIO,ID_ENTIDAD_FK) values (15008,'Amatepec',15);
Insert into MUNICIPIOS (ID_MUNICIPIO_PK,NOMBRE_MUNICIPIO,ID_ENTIDAD_FK) values (15105,'Tlatlaya',15);
Insert into MUNICIPIOS (ID_MUNICIPIO_PK,NOMBRE_MUNICIPIO,ID_ENTIDAD_FK) values (15080,'Sultepec',15);
Insert into MUNICIPIOS (ID_MUNICIPIO_PK,NOMBRE_MUNICIPIO,ID_ENTIDAD_FK) values (15097,'Texcaltitlán',15);
Insert into MUNICIPIOS (ID_MUNICIPIO_PK,NOMBRE_MUNICIPIO,ID_ENTIDAD_FK) values (15021,'Coatepec Harinas',15);
Insert into MUNICIPIOS (ID_MUNICIPIO_PK,NOMBRE_MUNICIPIO,ID_ENTIDAD_FK) values (15113,'Villa Guerrero',15);
Insert into MUNICIPIOS (ID_MUNICIPIO_PK,NOMBRE_MUNICIPIO,ID_ENTIDAD_FK) values (15117,'Zacualpan',15);
Insert into MUNICIPIOS (ID_MUNICIPIO_PK,NOMBRE_MUNICIPIO,ID_ENTIDAD_FK) values (15004,'Almoloya de Alquisiras',15);
Insert into MUNICIPIOS (ID_MUNICIPIO_PK,NOMBRE_MUNICIPIO,ID_ENTIDAD_FK) values (15040,'Ixtapan de la Sal',15);
Insert into MUNICIPIOS (ID_MUNICIPIO_PK,NOMBRE_MUNICIPIO,ID_ENTIDAD_FK) values (15107,'Tonatico',15);
Insert into MUNICIPIOS (ID_MUNICIPIO_PK,NOMBRE_MUNICIPIO,ID_ENTIDAD_FK) values (15119,'Zumpahuacán',15);
Insert into MUNICIPIOS (ID_MUNICIPIO_PK,NOMBRE_MUNICIPIO,ID_ENTIDAD_FK) values (15051,'Lerma',15);
Insert into MUNICIPIOS (ID_MUNICIPIO_PK,NOMBRE_MUNICIPIO,ID_ENTIDAD_FK) values (15115,'Xonacatlán',15);
Insert into MUNICIPIOS (ID_MUNICIPIO_PK,NOMBRE_MUNICIPIO,ID_ENTIDAD_FK) values (15067,'Otzolotepec',15);
Insert into MUNICIPIOS (ID_MUNICIPIO_PK,NOMBRE_MUNICIPIO,ID_ENTIDAD_FK) values (15076,'San Mateo Atenco',15);
Insert into MUNICIPIOS (ID_MUNICIPIO_PK,NOMBRE_MUNICIPIO,ID_ENTIDAD_FK) values (15054,'Metepec',15);
Insert into MUNICIPIOS (ID_MUNICIPIO_PK,NOMBRE_MUNICIPIO,ID_ENTIDAD_FK) values (15055,'Mexicaltzingo',15);
Insert into MUNICIPIOS (ID_MUNICIPIO_PK,NOMBRE_MUNICIPIO,ID_ENTIDAD_FK) values (15018,'Calimaya',15);
Insert into MUNICIPIOS (ID_MUNICIPIO_PK,NOMBRE_MUNICIPIO,ID_ENTIDAD_FK) values (15027,'Chapultepec',15);
Insert into MUNICIPIOS (ID_MUNICIPIO_PK,NOMBRE_MUNICIPIO,ID_ENTIDAD_FK) values (15073,'San Antonio la Isla',15);
Insert into MUNICIPIOS (ID_MUNICIPIO_PK,NOMBRE_MUNICIPIO,ID_ENTIDAD_FK) values (15090,'Tenango del Valle',15);
Insert into MUNICIPIOS (ID_MUNICIPIO_PK,NOMBRE_MUNICIPIO,ID_ENTIDAD_FK) values (15072,'Rayón',15);
Insert into MUNICIPIOS (ID_MUNICIPIO_PK,NOMBRE_MUNICIPIO,ID_ENTIDAD_FK) values (15049,'Joquicingo',15);
Insert into MUNICIPIOS (ID_MUNICIPIO_PK,NOMBRE_MUNICIPIO,ID_ENTIDAD_FK) values (15088,'Tenancingo',15);
Insert into MUNICIPIOS (ID_MUNICIPIO_PK,NOMBRE_MUNICIPIO,ID_ENTIDAD_FK) values (15052,'Malinalco',15);
Insert into MUNICIPIOS (ID_MUNICIPIO_PK,NOMBRE_MUNICIPIO,ID_ENTIDAD_FK) values (15063,'Ocuilan',15);
Insert into MUNICIPIOS (ID_MUNICIPIO_PK,NOMBRE_MUNICIPIO,ID_ENTIDAD_FK) values (15012,'Atizapán',15);
Insert into MUNICIPIOS (ID_MUNICIPIO_PK,NOMBRE_MUNICIPIO,ID_ENTIDAD_FK) values (15006,'Almoloya del Río',15);
Insert into MUNICIPIOS (ID_MUNICIPIO_PK,NOMBRE_MUNICIPIO,ID_ENTIDAD_FK) values (15098,'Texcalyacac',15);
Insert into MUNICIPIOS (ID_MUNICIPIO_PK,NOMBRE_MUNICIPIO,ID_ENTIDAD_FK) values (15101,'Tianguistenco',15);
Insert into MUNICIPIOS (ID_MUNICIPIO_PK,NOMBRE_MUNICIPIO,ID_ENTIDAD_FK) values (15043,'Xalatlaco',15);
Insert into MUNICIPIOS (ID_MUNICIPIO_PK,NOMBRE_MUNICIPIO,ID_ENTIDAD_FK) values (15019,'Capulhuac',15);
Insert into MUNICIPIOS (ID_MUNICIPIO_PK,NOMBRE_MUNICIPIO,ID_ENTIDAD_FK) values (15062,'Ocoyoacac',15);
Insert into MUNICIPIOS (ID_MUNICIPIO_PK,NOMBRE_MUNICIPIO,ID_ENTIDAD_FK) values (15037,'Huixquilucan',15);
Insert into MUNICIPIOS (ID_MUNICIPIO_PK,NOMBRE_MUNICIPIO,ID_ENTIDAD_FK) values (15013,'Atizapán de Zaragoza',15);
Insert into MUNICIPIOS (ID_MUNICIPIO_PK,NOMBRE_MUNICIPIO,ID_ENTIDAD_FK) values (15057,'Naucalpan de Juárez',15);
Insert into MUNICIPIOS (ID_MUNICIPIO_PK,NOMBRE_MUNICIPIO,ID_ENTIDAD_FK) values (15104,'Tlalnepantla de Baz',15);
Insert into MUNICIPIOS (ID_MUNICIPIO_PK,NOMBRE_MUNICIPIO,ID_ENTIDAD_FK) values (15071,'Polotitlán',15);
Insert into MUNICIPIOS (ID_MUNICIPIO_PK,NOMBRE_MUNICIPIO,ID_ENTIDAD_FK) values (15045,'Jilotepec',15);
Insert into MUNICIPIOS (ID_MUNICIPIO_PK,NOMBRE_MUNICIPIO,ID_ENTIDAD_FK) values (15079,'Soyaniquilpan de Juárez',15);
Insert into MUNICIPIOS (ID_MUNICIPIO_PK,NOMBRE_MUNICIPIO,ID_ENTIDAD_FK) values (15112,'Villa del Carbón',15);
Insert into MUNICIPIOS (ID_MUNICIPIO_PK,NOMBRE_MUNICIPIO,ID_ENTIDAD_FK) values (15026,'Chapa de Mota',15);
Insert into MUNICIPIOS (ID_MUNICIPIO_PK,NOMBRE_MUNICIPIO,ID_ENTIDAD_FK) values (15060,'Nicolás Romero',15);
Insert into MUNICIPIOS (ID_MUNICIPIO_PK,NOMBRE_MUNICIPIO,ID_ENTIDAD_FK) values (15038,'Isidro Fabela',15);
Insert into MUNICIPIOS (ID_MUNICIPIO_PK,NOMBRE_MUNICIPIO,ID_ENTIDAD_FK) values (15046,'Jilotzingo',15);
Insert into MUNICIPIOS (ID_MUNICIPIO_PK,NOMBRE_MUNICIPIO,ID_ENTIDAD_FK) values (15095,'Tepotzotlán',15);
Insert into MUNICIPIOS (ID_MUNICIPIO_PK,NOMBRE_MUNICIPIO,ID_ENTIDAD_FK) values (15023,'Coyotepec',15);
Insert into MUNICIPIOS (ID_MUNICIPIO_PK,NOMBRE_MUNICIPIO,ID_ENTIDAD_FK) values (15035,'Huehuetoca',15);
Insert into MUNICIPIOS (ID_MUNICIPIO_PK,NOMBRE_MUNICIPIO,ID_ENTIDAD_FK) values (15121,'Cuautitlán Izcalli',15);
Insert into MUNICIPIOS (ID_MUNICIPIO_PK,NOMBRE_MUNICIPIO,ID_ENTIDAD_FK) values (15091,'Teoloyucan',15);
Insert into MUNICIPIOS (ID_MUNICIPIO_PK,NOMBRE_MUNICIPIO,ID_ENTIDAD_FK) values (15024,'Cuautitlán',15);
Insert into MUNICIPIOS (ID_MUNICIPIO_PK,NOMBRE_MUNICIPIO,ID_ENTIDAD_FK) values (15053,'Melchor Ocampo',15);
Insert into MUNICIPIOS (ID_MUNICIPIO_PK,NOMBRE_MUNICIPIO,ID_ENTIDAD_FK) values (15109,'Tultitlán',15);
Insert into MUNICIPIOS (ID_MUNICIPIO_PK,NOMBRE_MUNICIPIO,ID_ENTIDAD_FK) values (15108,'Tultepec',15);
Insert into MUNICIPIOS (ID_MUNICIPIO_PK,NOMBRE_MUNICIPIO,ID_ENTIDAD_FK) values (15033,'Ecatepec de Morelos',15);
Insert into MUNICIPIOS (ID_MUNICIPIO_PK,NOMBRE_MUNICIPIO,ID_ENTIDAD_FK) values (15120,'Zumpango',15);
Insert into MUNICIPIOS (ID_MUNICIPIO_PK,NOMBRE_MUNICIPIO,ID_ENTIDAD_FK) values (15096,'Tequixquiac',15);
Insert into MUNICIPIOS (ID_MUNICIPIO_PK,NOMBRE_MUNICIPIO,ID_ENTIDAD_FK) values (15010,'Apaxco',15);
Insert into MUNICIPIOS (ID_MUNICIPIO_PK,NOMBRE_MUNICIPIO,ID_ENTIDAD_FK) values (15036,'Hueypoxtla',15);
Insert into MUNICIPIOS (ID_MUNICIPIO_PK,NOMBRE_MUNICIPIO,ID_ENTIDAD_FK) values (15020,'Coacalco de Berriozábal',15);
Insert into MUNICIPIOS (ID_MUNICIPIO_PK,NOMBRE_MUNICIPIO,ID_ENTIDAD_FK) values (15081,'Tecámac',15);
Insert into MUNICIPIOS (ID_MUNICIPIO_PK,NOMBRE_MUNICIPIO,ID_ENTIDAD_FK) values (15044,'Jaltenco',15);
Insert into MUNICIPIOS (ID_MUNICIPIO_PK,NOMBRE_MUNICIPIO,ID_ENTIDAD_FK) values (15125,'Tonanitla',15);
Insert into MUNICIPIOS (ID_MUNICIPIO_PK,NOMBRE_MUNICIPIO,ID_ENTIDAD_FK) values (15059,'Nextlalpan',15);
Insert into MUNICIPIOS (ID_MUNICIPIO_PK,NOMBRE_MUNICIPIO,ID_ENTIDAD_FK) values (15092,'Teotihuacán',15);
Insert into MUNICIPIOS (ID_MUNICIPIO_PK,NOMBRE_MUNICIPIO,ID_ENTIDAD_FK) values (15075,'San Martín de las Pirámides',15);
Insert into MUNICIPIOS (ID_MUNICIPIO_PK,NOMBRE_MUNICIPIO,ID_ENTIDAD_FK) values (15002,'Acolman',15);
Insert into MUNICIPIOS (ID_MUNICIPIO_PK,NOMBRE_MUNICIPIO,ID_ENTIDAD_FK) values (15065,'Otumba',15);
Insert into MUNICIPIOS (ID_MUNICIPIO_PK,NOMBRE_MUNICIPIO,ID_ENTIDAD_FK) values (15016,'Axapusco',15);
Insert into MUNICIPIOS (ID_MUNICIPIO_PK,NOMBRE_MUNICIPIO,ID_ENTIDAD_FK) values (15061,'Nopaltepec',15);
Insert into MUNICIPIOS (ID_MUNICIPIO_PK,NOMBRE_MUNICIPIO,ID_ENTIDAD_FK) values (15084,'Temascalapa',15);
Insert into MUNICIPIOS (ID_MUNICIPIO_PK,NOMBRE_MUNICIPIO,ID_ENTIDAD_FK) values (15100,'Tezoyuca',15);
Insert into MUNICIPIOS (ID_MUNICIPIO_PK,NOMBRE_MUNICIPIO,ID_ENTIDAD_FK) values (15028,'Chiautla',15);
Insert into MUNICIPIOS (ID_MUNICIPIO_PK,NOMBRE_MUNICIPIO,ID_ENTIDAD_FK) values (15069,'Papalotla',15);
Insert into MUNICIPIOS (ID_MUNICIPIO_PK,NOMBRE_MUNICIPIO,ID_ENTIDAD_FK) values (15093,'Tepetlaoxtoc',15);
Insert into MUNICIPIOS (ID_MUNICIPIO_PK,NOMBRE_MUNICIPIO,ID_ENTIDAD_FK) values (15099,'Texcoco',15);
Insert into MUNICIPIOS (ID_MUNICIPIO_PK,NOMBRE_MUNICIPIO,ID_ENTIDAD_FK) values (15030,'Chiconcuac',15);
Insert into MUNICIPIOS (ID_MUNICIPIO_PK,NOMBRE_MUNICIPIO,ID_ENTIDAD_FK) values (15011,'Atenco',15);
Insert into MUNICIPIOS (ID_MUNICIPIO_PK,NOMBRE_MUNICIPIO,ID_ENTIDAD_FK) values (15031,'Chimalhuacán',15);
Insert into MUNICIPIOS (ID_MUNICIPIO_PK,NOMBRE_MUNICIPIO,ID_ENTIDAD_FK) values (15029,'Chicoloapan',15);
Insert into MUNICIPIOS (ID_MUNICIPIO_PK,NOMBRE_MUNICIPIO,ID_ENTIDAD_FK) values (15070,'La Paz',15);
Insert into MUNICIPIOS (ID_MUNICIPIO_PK,NOMBRE_MUNICIPIO,ID_ENTIDAD_FK) values (15039,'Ixtapaluca',15);
Insert into MUNICIPIOS (ID_MUNICIPIO_PK,NOMBRE_MUNICIPIO,ID_ENTIDAD_FK) values (15025,'Chalco',15);
Insert into MUNICIPIOS (ID_MUNICIPIO_PK,NOMBRE_MUNICIPIO,ID_ENTIDAD_FK) values (15122,'Valle de Chalco Solidaridad',15);
Insert into MUNICIPIOS (ID_MUNICIPIO_PK,NOMBRE_MUNICIPIO,ID_ENTIDAD_FK) values (15083,'Temamatla',15);
Insert into MUNICIPIOS (ID_MUNICIPIO_PK,NOMBRE_MUNICIPIO,ID_ENTIDAD_FK) values (15022,'Cocotitlán',15);
Insert into MUNICIPIOS (ID_MUNICIPIO_PK,NOMBRE_MUNICIPIO,ID_ENTIDAD_FK) values (15103,'Tlalmanalco',15);
Insert into MUNICIPIOS (ID_MUNICIPIO_PK,NOMBRE_MUNICIPIO,ID_ENTIDAD_FK) values (15017,'Ayapango',15);
Insert into MUNICIPIOS (ID_MUNICIPIO_PK,NOMBRE_MUNICIPIO,ID_ENTIDAD_FK) values (15089,'Tenango del Aire',15);
Insert into MUNICIPIOS (ID_MUNICIPIO_PK,NOMBRE_MUNICIPIO,ID_ENTIDAD_FK) values (15068,'Ozumba',15);
Insert into MUNICIPIOS (ID_MUNICIPIO_PK,NOMBRE_MUNICIPIO,ID_ENTIDAD_FK) values (15050,'Juchitepec',15);
Insert into MUNICIPIOS (ID_MUNICIPIO_PK,NOMBRE_MUNICIPIO,ID_ENTIDAD_FK) values (15094,'Tepetlixpa',15);
Insert into MUNICIPIOS (ID_MUNICIPIO_PK,NOMBRE_MUNICIPIO,ID_ENTIDAD_FK) values (15009,'Amecameca',15);
Insert into MUNICIPIOS (ID_MUNICIPIO_PK,NOMBRE_MUNICIPIO,ID_ENTIDAD_FK) values (15015,'Atlautla',15);
Insert into MUNICIPIOS (ID_MUNICIPIO_PK,NOMBRE_MUNICIPIO,ID_ENTIDAD_FK) values (15034,'Ecatzingo',15);
Insert into MUNICIPIOS (ID_MUNICIPIO_PK,NOMBRE_MUNICIPIO,ID_ENTIDAD_FK) values (15058,'Nezahualcóyotl',15);
Insert into MUNICIPIOS (ID_MUNICIPIO_PK,NOMBRE_MUNICIPIO,ID_ENTIDAD_FK) values (16053,'Morelia',16);
Insert into MUNICIPIOS (ID_MUNICIPIO_PK,NOMBRE_MUNICIPIO,ID_ENTIDAD_FK) values (16037,'Huaniqueo',16);
Insert into MUNICIPIOS (ID_MUNICIPIO_PK,NOMBRE_MUNICIPIO,ID_ENTIDAD_FK) values (16016,'Coeneo',16);
Insert into MUNICIPIOS (ID_MUNICIPIO_PK,NOMBRE_MUNICIPIO,ID_ENTIDAD_FK) values (16073,'Quiroga',16);
Insert into MUNICIPIOS (ID_MUNICIPIO_PK,NOMBRE_MUNICIPIO,ID_ENTIDAD_FK) values (16100,'Tzintzuntzan',16);
Insert into MUNICIPIOS (ID_MUNICIPIO_PK,NOMBRE_MUNICIPIO,ID_ENTIDAD_FK) values (16048,'Lagunillas',16);
Insert into MUNICIPIOS (ID_MUNICIPIO_PK,NOMBRE_MUNICIPIO,ID_ENTIDAD_FK) values (16001,'Acuitzio',16);
Insert into MUNICIPIOS (ID_MUNICIPIO_PK,NOMBRE_MUNICIPIO,ID_ENTIDAD_FK) values (16049,'Madero',16);
Insert into MUNICIPIOS (ID_MUNICIPIO_PK,NOMBRE_MUNICIPIO,ID_ENTIDAD_FK) values (16071,'Puruándiro',16);
Insert into MUNICIPIOS (ID_MUNICIPIO_PK,NOMBRE_MUNICIPIO,ID_ENTIDAD_FK) values (16113,'José Sixto Verduzco',16);
Insert into MUNICIPIOS (ID_MUNICIPIO_PK,NOMBRE_MUNICIPIO,ID_ENTIDAD_FK) values (16004,'Angamacutiro',16);
Insert into MUNICIPIOS (ID_MUNICIPIO_PK,NOMBRE_MUNICIPIO,ID_ENTIDAD_FK) values (16063,'Panindícuaro',16);
Insert into MUNICIPIOS (ID_MUNICIPIO_PK,NOMBRE_MUNICIPIO,ID_ENTIDAD_FK) values (16107,'Zacapu',16);
Insert into MUNICIPIOS (ID_MUNICIPIO_PK,NOMBRE_MUNICIPIO,ID_ENTIDAD_FK) values (16094,'Tlazazalca',16);
Insert into MUNICIPIOS (ID_MUNICIPIO_PK,NOMBRE_MUNICIPIO,ID_ENTIDAD_FK) values (16070,'Purépero',16);
Insert into MUNICIPIOS (ID_MUNICIPIO_PK,NOMBRE_MUNICIPIO,ID_ENTIDAD_FK) values (16044,'Jiménez',16);
Insert into MUNICIPIOS (ID_MUNICIPIO_PK,NOMBRE_MUNICIPIO,ID_ENTIDAD_FK) values (16054,'Morelos',16);
Insert into MUNICIPIOS (ID_MUNICIPIO_PK,NOMBRE_MUNICIPIO,ID_ENTIDAD_FK) values (16036,'Huandacareo',16);
Insert into MUNICIPIOS (ID_MUNICIPIO_PK,NOMBRE_MUNICIPIO,ID_ENTIDAD_FK) values (16020,'Cuitzeo',16);
Insert into MUNICIPIOS (ID_MUNICIPIO_PK,NOMBRE_MUNICIPIO,ID_ENTIDAD_FK) values (16027,'Chucándiro',16);
Insert into MUNICIPIOS (ID_MUNICIPIO_PK,NOMBRE_MUNICIPIO,ID_ENTIDAD_FK) values (16018,'Copándaro',16);
Insert into MUNICIPIOS (ID_MUNICIPIO_PK,NOMBRE_MUNICIPIO,ID_ENTIDAD_FK) values (16088,'Tarímbaro',16);
Insert into MUNICIPIOS (ID_MUNICIPIO_PK,NOMBRE_MUNICIPIO,ID_ENTIDAD_FK) values (16078,'Santa Ana Maya',16);
Insert into MUNICIPIOS (ID_MUNICIPIO_PK,NOMBRE_MUNICIPIO,ID_ENTIDAD_FK) values (16003,'Álvaro Obregón',16);
Insert into MUNICIPIOS (ID_MUNICIPIO_PK,NOMBRE_MUNICIPIO,ID_ENTIDAD_FK) values (16110,'Zinapécuaro',16);
Insert into MUNICIPIOS (ID_MUNICIPIO_PK,NOMBRE_MUNICIPIO,ID_ENTIDAD_FK) values (16040,'Indaparapeo',16);
Insert into MUNICIPIOS (ID_MUNICIPIO_PK,NOMBRE_MUNICIPIO,ID_ENTIDAD_FK) values (16072,'Queréndaro',16);
Insert into MUNICIPIOS (ID_MUNICIPIO_PK,NOMBRE_MUNICIPIO,ID_ENTIDAD_FK) values (16076,'Sahuayo',16);
Insert into MUNICIPIOS (ID_MUNICIPIO_PK,NOMBRE_MUNICIPIO,ID_ENTIDAD_FK) values (16011,'Briseñas',16);
Insert into MUNICIPIOS (ID_MUNICIPIO_PK,NOMBRE_MUNICIPIO,ID_ENTIDAD_FK) values (16074,'Cojumatlán de Régules',16);
Insert into MUNICIPIOS (ID_MUNICIPIO_PK,NOMBRE_MUNICIPIO,ID_ENTIDAD_FK) values (16103,'Venustiano Carranza',16);
Insert into MUNICIPIOS (ID_MUNICIPIO_PK,NOMBRE_MUNICIPIO,ID_ENTIDAD_FK) values (16062,'Pajacuarán',16);
Insert into MUNICIPIOS (ID_MUNICIPIO_PK,NOMBRE_MUNICIPIO,ID_ENTIDAD_FK) values (16105,'Vista Hermosa',16);
Insert into MUNICIPIOS (ID_MUNICIPIO_PK,NOMBRE_MUNICIPIO,ID_ENTIDAD_FK) values (16086,'Tanhuato',16);
Insert into MUNICIPIOS (ID_MUNICIPIO_PK,NOMBRE_MUNICIPIO,ID_ENTIDAD_FK) values (16106,'Yurécuaro',16);
Insert into MUNICIPIOS (ID_MUNICIPIO_PK,NOMBRE_MUNICIPIO,ID_ENTIDAD_FK) values (16042,'Ixtlán',16);
Insert into MUNICIPIOS (ID_MUNICIPIO_PK,NOMBRE_MUNICIPIO,ID_ENTIDAD_FK) values (16069,'La Piedad',16);
Insert into MUNICIPIOS (ID_MUNICIPIO_PK,NOMBRE_MUNICIPIO,ID_ENTIDAD_FK) values (16060,'Numarán',16);
Insert into MUNICIPIOS (ID_MUNICIPIO_PK,NOMBRE_MUNICIPIO,ID_ENTIDAD_FK) values (16028,'Churintzio',16);
Insert into MUNICIPIOS (ID_MUNICIPIO_PK,NOMBRE_MUNICIPIO,ID_ENTIDAD_FK) values (16109,'Zináparo',16);
Insert into MUNICIPIOS (ID_MUNICIPIO_PK,NOMBRE_MUNICIPIO,ID_ENTIDAD_FK) values (16067,'Penjamillo',16);
Insert into MUNICIPIOS (ID_MUNICIPIO_PK,NOMBRE_MUNICIPIO,ID_ENTIDAD_FK) values (16051,'Marcos Castellanos',16);
Insert into MUNICIPIOS (ID_MUNICIPIO_PK,NOMBRE_MUNICIPIO,ID_ENTIDAD_FK) values (16045,'Jiquilpan',16);
Insert into MUNICIPIOS (ID_MUNICIPIO_PK,NOMBRE_MUNICIPIO,ID_ENTIDAD_FK) values (16104,'Villamar',16);
Insert into MUNICIPIOS (ID_MUNICIPIO_PK,NOMBRE_MUNICIPIO,ID_ENTIDAD_FK) values (16023,'Chavinda',16);
Insert into MUNICIPIOS (ID_MUNICIPIO_PK,NOMBRE_MUNICIPIO,ID_ENTIDAD_FK) values (16108,'Zamora',16);
Insert into MUNICIPIOS (ID_MUNICIPIO_PK,NOMBRE_MUNICIPIO,ID_ENTIDAD_FK) values (16030,'Ecuandureo',16);
Insert into MUNICIPIOS (ID_MUNICIPIO_PK,NOMBRE_MUNICIPIO,ID_ENTIDAD_FK) values (16085,'Tangancícuaro',16);
Insert into MUNICIPIOS (ID_MUNICIPIO_PK,NOMBRE_MUNICIPIO,ID_ENTIDAD_FK) values (16025,'Chilchota',16);
Insert into MUNICIPIOS (ID_MUNICIPIO_PK,NOMBRE_MUNICIPIO,ID_ENTIDAD_FK) values (16043,'Jacona',16);
Insert into MUNICIPIOS (ID_MUNICIPIO_PK,NOMBRE_MUNICIPIO,ID_ENTIDAD_FK) values (16084,'Tangamandapio',16);
Insert into MUNICIPIOS (ID_MUNICIPIO_PK,NOMBRE_MUNICIPIO,ID_ENTIDAD_FK) values (16019,'Cotija',16);
Insert into MUNICIPIOS (ID_MUNICIPIO_PK,NOMBRE_MUNICIPIO,ID_ENTIDAD_FK) values (16095,'Tocumbo',16);
Insert into MUNICIPIOS (ID_MUNICIPIO_PK,NOMBRE_MUNICIPIO,ID_ENTIDAD_FK) values (16091,'Tingüindín',16);
Insert into MUNICIPIOS (ID_MUNICIPIO_PK,NOMBRE_MUNICIPIO,ID_ENTIDAD_FK) values (16102,'Uruapan',16);
Insert into MUNICIPIOS (ID_MUNICIPIO_PK,NOMBRE_MUNICIPIO,ID_ENTIDAD_FK) values (16021,'Charapan',16);
Insert into MUNICIPIOS (ID_MUNICIPIO_PK,NOMBRE_MUNICIPIO,ID_ENTIDAD_FK) values (16065,'Paracho',16);
Insert into MUNICIPIOS (ID_MUNICIPIO_PK,NOMBRE_MUNICIPIO,ID_ENTIDAD_FK) values (16024,'Cherán',16);
Insert into MUNICIPIOS (ID_MUNICIPIO_PK,NOMBRE_MUNICIPIO,ID_ENTIDAD_FK) values (16056,'Nahuatzen',16);
Insert into MUNICIPIOS (ID_MUNICIPIO_PK,NOMBRE_MUNICIPIO,ID_ENTIDAD_FK) values (16090,'Tingambato',16);
Insert into MUNICIPIOS (ID_MUNICIPIO_PK,NOMBRE_MUNICIPIO,ID_ENTIDAD_FK) values (100000,'SIN REGISTRO',100000);
--------------------------------------------------------
--  DDL for Inde


Insert into PRODUCTO (ID_PRODUCTO_PK,NOMBRE_PRODUCTO,DESCRIPCION_PRODUCTO) values ('0000','Ajo','AJOS');
Insert into PRODUCTO (ID_PRODUCTO_PK,NOMBRE_PRODUCTO,DESCRIPCION_PRODUCTO) values ('0001','Jitomates','JITOMATE');
Insert into PRODUCTO (ID_PRODUCTO_PK,NOMBRE_PRODUCTO,DESCRIPCION_PRODUCTO) values ('0005','Nueva',null);
Insert into PRODUCTO (ID_PRODUCTO_PK,NOMBRE_PRODUCTO,DESCRIPCION_PRODUCTO) values ('0003','Frutos Secos1','desc');
Insert into PRODUCTO (ID_PRODUCTO_PK,NOMBRE_PRODUCTO,DESCRIPCION_PRODUCTO) values ('0004','Test','teting');
Insert into PRODUCTO (ID_PRODUCTO_PK,NOMBRE_PRODUCTO,DESCRIPCION_PRODUCTO) values ('0002','Chiles Secos','CHILES SECOS');


-----INSERTS VENTA_ PRODUCTO----
Insert into VENTA_PRODUCTO (ID_VENTA_PRODUCTO_PK,ID_SUBPRODUCTO_FK,PRECIO_PRODUCTO,KILOS_VENDIDOS,CANTIDAD_EMPAQUE,TOTAL_VENTA,ID_TIPO_EMPAQUE_FK,ID_TIPO_VENTA_FK,ID_VENTA_FK) values (300,'00000001',70,null,154,10780,16,null,261);
Insert into VENTA_PRODUCTO (ID_VENTA_PRODUCTO_PK,ID_SUBPRODUCTO_FK,PRECIO_PRODUCTO,KILOS_VENDIDOS,CANTIDAD_EMPAQUE,TOTAL_VENTA,ID_TIPO_EMPAQUE_FK,ID_TIPO_VENTA_FK,ID_VENTA_FK) values (301,'00000001',70,null,1800,126000,16,null,262);
Insert into VENTA_PRODUCTO (ID_VENTA_PRODUCTO_PK,ID_SUBPRODUCTO_FK,PRECIO_PRODUCTO,KILOS_VENDIDOS,CANTIDAD_EMPAQUE,TOTAL_VENTA,ID_TIPO_EMPAQUE_FK,ID_TIPO_VENTA_FK,ID_VENTA_FK) values (302,'00000001',70,null,158,11060,16,null,263);
Insert into VENTA_PRODUCTO (ID_VENTA_PRODUCTO_PK,ID_SUBPRODUCTO_FK,PRECIO_PRODUCTO,KILOS_VENDIDOS,CANTIDAD_EMPAQUE,TOTAL_VENTA,ID_TIPO_EMPAQUE_FK,ID_TIPO_VENTA_FK,ID_VENTA_FK) values (303,'00000001',70,null,185,12950,16,null,264);
Insert into VENTA_PRODUCTO (ID_VENTA_PRODUCTO_PK,ID_SUBPRODUCTO_FK,PRECIO_PRODUCTO,KILOS_VENDIDOS,CANTIDAD_EMPAQUE,TOTAL_VENTA,ID_TIPO_EMPAQUE_FK,ID_TIPO_VENTA_FK,ID_VENTA_FK) values (304,'00000001',70,null,1745,122150,16,null,265);
Insert into VENTA_PRODUCTO (ID_VENTA_PRODUCTO_PK,ID_SUBPRODUCTO_FK,PRECIO_PRODUCTO,KILOS_VENDIDOS,CANTIDAD_EMPAQUE,TOTAL_VENTA,ID_TIPO_EMPAQUE_FK,ID_TIPO_VENTA_FK,ID_VENTA_FK) values (305,'00000001',70,null,152,10640,16,null,266);
Insert into VENTA_PRODUCTO (ID_VENTA_PRODUCTO_PK,ID_SUBPRODUCTO_FK,PRECIO_PRODUCTO,KILOS_VENDIDOS,CANTIDAD_EMPAQUE,TOTAL_VENTA,ID_TIPO_EMPAQUE_FK,ID_TIPO_VENTA_FK,ID_VENTA_FK) values (306,'00000001',70,null,150,10500,16,null,267);
Insert into VENTA_PRODUCTO (ID_VENTA_PRODUCTO_PK,ID_SUBPRODUCTO_FK,PRECIO_PRODUCTO,KILOS_VENDIDOS,CANTIDAD_EMPAQUE,TOTAL_VENTA,ID_TIPO_EMPAQUE_FK,ID_TIPO_VENTA_FK,ID_VENTA_FK) values (307,'00000001',70,null,185,12950,16,null,268);
Insert into VENTA_PRODUCTO (ID_VENTA_PRODUCTO_PK,ID_SUBPRODUCTO_FK,PRECIO_PRODUCTO,KILOS_VENDIDOS,CANTIDAD_EMPAQUE,TOTAL_VENTA,ID_TIPO_EMPAQUE_FK,ID_TIPO_VENTA_FK,ID_VENTA_FK) values (308,'00000001',70,null,185,12950,16,null,269);
Insert into VENTA_PRODUCTO (ID_VENTA_PRODUCTO_PK,ID_SUBPRODUCTO_FK,PRECIO_PRODUCTO,KILOS_VENDIDOS,CANTIDAD_EMPAQUE,TOTAL_VENTA,ID_TIPO_EMPAQUE_FK,ID_TIPO_VENTA_FK,ID_VENTA_FK) values (309,'00000001',70,null,154,10780,16,null,270);
Insert into VENTA_PRODUCTO (ID_VENTA_PRODUCTO_PK,ID_SUBPRODUCTO_FK,PRECIO_PRODUCTO,KILOS_VENDIDOS,CANTIDAD_EMPAQUE,TOTAL_VENTA,ID_TIPO_EMPAQUE_FK,ID_TIPO_VENTA_FK,ID_VENTA_FK) values (310,'00000001',70,null,154,10780,16,null,271);
Insert into VENTA_PRODUCTO (ID_VENTA_PRODUCTO_PK,ID_SUBPRODUCTO_FK,PRECIO_PRODUCTO,KILOS_VENDIDOS,CANTIDAD_EMPAQUE,TOTAL_VENTA,ID_TIPO_EMPAQUE_FK,ID_TIPO_VENTA_FK,ID_VENTA_FK) values (311,'00000001',70,null,154,10780,16,null,272);
Insert into VENTA_PRODUCTO (ID_VENTA_PRODUCTO_PK,ID_SUBPRODUCTO_FK,PRECIO_PRODUCTO,KILOS_VENDIDOS,CANTIDAD_EMPAQUE,TOTAL_VENTA,ID_TIPO_EMPAQUE_FK,ID_TIPO_VENTA_FK,ID_VENTA_FK) values (312,'00000001',70,null,154,10780,16,null,273);
Insert into VENTA_PRODUCTO (ID_VENTA_PRODUCTO_PK,ID_SUBPRODUCTO_FK,PRECIO_PRODUCTO,KILOS_VENDIDOS,CANTIDAD_EMPAQUE,TOTAL_VENTA,ID_TIPO_EMPAQUE_FK,ID_TIPO_VENTA_FK,ID_VENTA_FK) values (313,'00000001',70,null,154,10780,16,null,274);
Insert into VENTA_PRODUCTO (ID_VENTA_PRODUCTO_PK,ID_SUBPRODUCTO_FK,PRECIO_PRODUCTO,KILOS_VENDIDOS,CANTIDAD_EMPAQUE,TOTAL_VENTA,ID_TIPO_EMPAQUE_FK,ID_TIPO_VENTA_FK,ID_VENTA_FK) values (314,'00000001',70,null,185,12950,16,null,275);
Insert into VENTA_PRODUCTO (ID_VENTA_PRODUCTO_PK,ID_SUBPRODUCTO_FK,PRECIO_PRODUCTO,KILOS_VENDIDOS,CANTIDAD_EMPAQUE,TOTAL_VENTA,ID_TIPO_EMPAQUE_FK,ID_TIPO_VENTA_FK,ID_VENTA_FK) values (315,'00000001',70,null,154,10780,16,null,276);
Insert into VENTA_PRODUCTO (ID_VENTA_PRODUCTO_PK,ID_SUBPRODUCTO_FK,PRECIO_PRODUCTO,KILOS_VENDIDOS,CANTIDAD_EMPAQUE,TOTAL_VENTA,ID_TIPO_EMPAQUE_FK,ID_TIPO_VENTA_FK,ID_VENTA_FK) values (316,'00000001',70,null,154,10780,16,null,277);
Insert into VENTA_PRODUCTO (ID_VENTA_PRODUCTO_PK,ID_SUBPRODUCTO_FK,PRECIO_PRODUCTO,KILOS_VENDIDOS,CANTIDAD_EMPAQUE,TOTAL_VENTA,ID_TIPO_EMPAQUE_FK,ID_TIPO_VENTA_FK,ID_VENTA_FK) values (317,'00000001',70,null,75,5250,16,null,278);
Insert into VENTA_PRODUCTO (ID_VENTA_PRODUCTO_PK,ID_SUBPRODUCTO_FK,PRECIO_PRODUCTO,KILOS_VENDIDOS,CANTIDAD_EMPAQUE,TOTAL_VENTA,ID_TIPO_EMPAQUE_FK,ID_TIPO_VENTA_FK,ID_VENTA_FK) values (318,'00000001',70,null,75,5250,16,null,279);
Insert into VENTA_PRODUCTO (ID_VENTA_PRODUCTO_PK,ID_SUBPRODUCTO_FK,PRECIO_PRODUCTO,KILOS_VENDIDOS,CANTIDAD_EMPAQUE,TOTAL_VENTA,ID_TIPO_EMPAQUE_FK,ID_TIPO_VENTA_FK,ID_VENTA_FK) values (319,'00000001',70,null,75,5250,16,null,280);
Insert into VENTA_PRODUCTO (ID_VENTA_PRODUCTO_PK,ID_SUBPRODUCTO_FK,PRECIO_PRODUCTO,KILOS_VENDIDOS,CANTIDAD_EMPAQUE,TOTAL_VENTA,ID_TIPO_EMPAQUE_FK,ID_TIPO_VENTA_FK,ID_VENTA_FK) values (320,'00000001',70,null,145,10150,16,null,281);
Insert into VENTA_PRODUCTO (ID_VENTA_PRODUCTO_PK,ID_SUBPRODUCTO_FK,PRECIO_PRODUCTO,KILOS_VENDIDOS,CANTIDAD_EMPAQUE,TOTAL_VENTA,ID_TIPO_EMPAQUE_FK,ID_TIPO_VENTA_FK,ID_VENTA_FK) values (321,'00000001',70,null,175,12250,16,null,282);
Insert into VENTA_PRODUCTO (ID_VENTA_PRODUCTO_PK,ID_SUBPRODUCTO_FK,PRECIO_PRODUCTO,KILOS_VENDIDOS,CANTIDAD_EMPAQUE,TOTAL_VENTA,ID_TIPO_EMPAQUE_FK,ID_TIPO_VENTA_FK,ID_VENTA_FK) values (322,'00000001',70,null,175,12250,16,null,283);
Insert into VENTA_PRODUCTO (ID_VENTA_PRODUCTO_PK,ID_SUBPRODUCTO_FK,PRECIO_PRODUCTO,KILOS_VENDIDOS,CANTIDAD_EMPAQUE,TOTAL_VENTA,ID_TIPO_EMPAQUE_FK,ID_TIPO_VENTA_FK,ID_VENTA_FK) values (323,'00000001',70,null,145,10150,16,null,284);
Insert into VENTA_PRODUCTO (ID_VENTA_PRODUCTO_PK,ID_SUBPRODUCTO_FK,PRECIO_PRODUCTO,KILOS_VENDIDOS,CANTIDAD_EMPAQUE,TOTAL_VENTA,ID_TIPO_EMPAQUE_FK,ID_TIPO_VENTA_FK,ID_VENTA_FK) values (324,'00000001',70,null,145,10150,16,null,285);
Insert into VENTA_PRODUCTO (ID_VENTA_PRODUCTO_PK,ID_SUBPRODUCTO_FK,PRECIO_PRODUCTO,KILOS_VENDIDOS,CANTIDAD_EMPAQUE,TOTAL_VENTA,ID_TIPO_EMPAQUE_FK,ID_TIPO_VENTA_FK,ID_VENTA_FK) values (325,'00000001',70,null,145,10150,16,null,286);
Insert into VENTA_PRODUCTO (ID_VENTA_PRODUCTO_PK,ID_SUBPRODUCTO_FK,PRECIO_PRODUCTO,KILOS_VENDIDOS,CANTIDAD_EMPAQUE,TOTAL_VENTA,ID_TIPO_EMPAQUE_FK,ID_TIPO_VENTA_FK,ID_VENTA_FK) values (326,'00000001',70,null,145,10150,16,null,287);
Insert into VENTA_PRODUCTO (ID_VENTA_PRODUCTO_PK,ID_SUBPRODUCTO_FK,PRECIO_PRODUCTO,KILOS_VENDIDOS,CANTIDAD_EMPAQUE,TOTAL_VENTA,ID_TIPO_EMPAQUE_FK,ID_TIPO_VENTA_FK,ID_VENTA_FK) values (327,'00000001',70,null,145,10150,16,null,288);
Insert into VENTA_PRODUCTO (ID_VENTA_PRODUCTO_PK,ID_SUBPRODUCTO_FK,PRECIO_PRODUCTO,KILOS_VENDIDOS,CANTIDAD_EMPAQUE,TOTAL_VENTA,ID_TIPO_EMPAQUE_FK,ID_TIPO_VENTA_FK,ID_VENTA_FK) values (328,'00000001',70,null,145,10150,16,null,289);
Insert into VENTA_PRODUCTO (ID_VENTA_PRODUCTO_PK,ID_SUBPRODUCTO_FK,PRECIO_PRODUCTO,KILOS_VENDIDOS,CANTIDAD_EMPAQUE,TOTAL_VENTA,ID_TIPO_EMPAQUE_FK,ID_TIPO_VENTA_FK,ID_VENTA_FK) values (329,'00000001',70,null,145,10150,16,null,290);
Insert into VENTA_PRODUCTO (ID_VENTA_PRODUCTO_PK,ID_SUBPRODUCTO_FK,PRECIO_PRODUCTO,KILOS_VENDIDOS,CANTIDAD_EMPAQUE,TOTAL_VENTA,ID_TIPO_EMPAQUE_FK,ID_TIPO_VENTA_FK,ID_VENTA_FK) values (330,'00000001',70,null,145,10150,16,null,291);
Insert into VENTA_PRODUCTO (ID_VENTA_PRODUCTO_PK,ID_SUBPRODUCTO_FK,PRECIO_PRODUCTO,KILOS_VENDIDOS,CANTIDAD_EMPAQUE,TOTAL_VENTA,ID_TIPO_EMPAQUE_FK,ID_TIPO_VENTA_FK,ID_VENTA_FK) values (331,'00000001',70,null,154,10780,16,null,292);
Insert into VENTA_PRODUCTO (ID_VENTA_PRODUCTO_PK,ID_SUBPRODUCTO_FK,PRECIO_PRODUCTO,KILOS_VENDIDOS,CANTIDAD_EMPAQUE,TOTAL_VENTA,ID_TIPO_EMPAQUE_FK,ID_TIPO_VENTA_FK,ID_VENTA_FK) values (332,'00000001',70,null,152,10640,16,null,293);
Insert into VENTA_PRODUCTO (ID_VENTA_PRODUCTO_PK,ID_SUBPRODUCTO_FK,PRECIO_PRODUCTO,KILOS_VENDIDOS,CANTIDAD_EMPAQUE,TOTAL_VENTA,ID_TIPO_EMPAQUE_FK,ID_TIPO_VENTA_FK,ID_VENTA_FK) values (333,'00000001',70,null,145,10150,16,null,294);
Insert into VENTA_PRODUCTO (ID_VENTA_PRODUCTO_PK,ID_SUBPRODUCTO_FK,PRECIO_PRODUCTO,KILOS_VENDIDOS,CANTIDAD_EMPAQUE,TOTAL_VENTA,ID_TIPO_EMPAQUE_FK,ID_TIPO_VENTA_FK,ID_VENTA_FK) values (334,'00000001',70,null,145,10150,16,null,295);
Insert into VENTA_PRODUCTO (ID_VENTA_PRODUCTO_PK,ID_SUBPRODUCTO_FK,PRECIO_PRODUCTO,KILOS_VENDIDOS,CANTIDAD_EMPAQUE,TOTAL_VENTA,ID_TIPO_EMPAQUE_FK,ID_TIPO_VENTA_FK,ID_VENTA_FK) values (335,'00000001',70,null,145,10150,16,null,296);
Insert into VENTA_PRODUCTO (ID_VENTA_PRODUCTO_PK,ID_SUBPRODUCTO_FK,PRECIO_PRODUCTO,KILOS_VENDIDOS,CANTIDAD_EMPAQUE,TOTAL_VENTA,ID_TIPO_EMPAQUE_FK,ID_TIPO_VENTA_FK,ID_VENTA_FK) values (336,'00000001',70,null,145,10150,16,null,297);
Insert into VENTA_PRODUCTO (ID_VENTA_PRODUCTO_PK,ID_SUBPRODUCTO_FK,PRECIO_PRODUCTO,KILOS_VENDIDOS,CANTIDAD_EMPAQUE,TOTAL_VENTA,ID_TIPO_EMPAQUE_FK,ID_TIPO_VENTA_FK,ID_VENTA_FK) values (337,'00000001',70,null,175,12250,16,null,298);
Insert into VENTA_PRODUCTO (ID_VENTA_PRODUCTO_PK,ID_SUBPRODUCTO_FK,PRECIO_PRODUCTO,KILOS_VENDIDOS,CANTIDAD_EMPAQUE,TOTAL_VENTA,ID_TIPO_EMPAQUE_FK,ID_TIPO_VENTA_FK,ID_VENTA_FK) values (299,'00000001',70,null,154,10780,16,null,260);
Insert into VENTA_PRODUCTO (ID_VENTA_PRODUCTO_PK,ID_SUBPRODUCTO_FK,PRECIO_PRODUCTO,KILOS_VENDIDOS,CANTIDAD_EMPAQUE,TOTAL_VENTA,ID_TIPO_EMPAQUE_FK,ID_TIPO_VENTA_FK,ID_VENTA_FK) values (338,'00010003',145,null,15,2175,16,null,299);
Insert into VENTA_PRODUCTO (ID_VENTA_PRODUCTO_PK,ID_SUBPRODUCTO_FK,PRECIO_PRODUCTO,KILOS_VENDIDOS,CANTIDAD_EMPAQUE,TOTAL_VENTA,ID_TIPO_EMPAQUE_FK,ID_TIPO_VENTA_FK,ID_VENTA_FK) values (339,'00010003',145,null,15,2175,16,null,300);
Insert into VENTA_PRODUCTO (ID_VENTA_PRODUCTO_PK,ID_SUBPRODUCTO_FK,PRECIO_PRODUCTO,KILOS_VENDIDOS,CANTIDAD_EMPAQUE,TOTAL_VENTA,ID_TIPO_EMPAQUE_FK,ID_TIPO_VENTA_FK,ID_VENTA_FK) values (340,'00010003',145,null,15,2175,16,null,301);
Insert into VENTA_PRODUCTO (ID_VENTA_PRODUCTO_PK,ID_SUBPRODUCTO_FK,PRECIO_PRODUCTO,KILOS_VENDIDOS,CANTIDAD_EMPAQUE,TOTAL_VENTA,ID_TIPO_EMPAQUE_FK,ID_TIPO_VENTA_FK,ID_VENTA_FK) values (341,'00010003',145,null,15,2175,16,null,302);
Insert into VENTA_PRODUCTO (ID_VENTA_PRODUCTO_PK,ID_SUBPRODUCTO_FK,PRECIO_PRODUCTO,KILOS_VENDIDOS,CANTIDAD_EMPAQUE,TOTAL_VENTA,ID_TIPO_EMPAQUE_FK,ID_TIPO_VENTA_FK,ID_VENTA_FK) values (342,'00010003',145,null,15,2175,16,null,303);
Insert into VENTA_PRODUCTO (ID_VENTA_PRODUCTO_PK,ID_SUBPRODUCTO_FK,PRECIO_PRODUCTO,KILOS_VENDIDOS,CANTIDAD_EMPAQUE,TOTAL_VENTA,ID_TIPO_EMPAQUE_FK,ID_TIPO_VENTA_FK,ID_VENTA_FK) values (343,'00010003',145,null,15,2175,16,null,304);
Insert into VENTA_PRODUCTO (ID_VENTA_PRODUCTO_PK,ID_SUBPRODUCTO_FK,PRECIO_PRODUCTO,KILOS_VENDIDOS,CANTIDAD_EMPAQUE,TOTAL_VENTA,ID_TIPO_EMPAQUE_FK,ID_TIPO_VENTA_FK,ID_VENTA_FK) values (344,'00010003',145,null,15,2175,16,null,305);
Insert into VENTA_PRODUCTO (ID_VENTA_PRODUCTO_PK,ID_SUBPRODUCTO_FK,PRECIO_PRODUCTO,KILOS_VENDIDOS,CANTIDAD_EMPAQUE,TOTAL_VENTA,ID_TIPO_EMPAQUE_FK,ID_TIPO_VENTA_FK,ID_VENTA_FK) values (345,'00010003',145,null,15,2175,16,null,306);
Insert into VENTA_PRODUCTO (ID_VENTA_PRODUCTO_PK,ID_SUBPRODUCTO_FK,PRECIO_PRODUCTO,KILOS_VENDIDOS,CANTIDAD_EMPAQUE,TOTAL_VENTA,ID_TIPO_EMPAQUE_FK,ID_TIPO_VENTA_FK,ID_VENTA_FK) values (346,'00010003',145,null,15,2175,16,null,307);
Insert into VENTA_PRODUCTO (ID_VENTA_PRODUCTO_PK,ID_SUBPRODUCTO_FK,PRECIO_PRODUCTO,KILOS_VENDIDOS,CANTIDAD_EMPAQUE,TOTAL_VENTA,ID_TIPO_EMPAQUE_FK,ID_TIPO_VENTA_FK,ID_VENTA_FK) values (347,'00010003',145,null,15,2175,16,null,308);
Insert into VENTA_PRODUCTO (ID_VENTA_PRODUCTO_PK,ID_SUBPRODUCTO_FK,PRECIO_PRODUCTO,KILOS_VENDIDOS,CANTIDAD_EMPAQUE,TOTAL_VENTA,ID_TIPO_EMPAQUE_FK,ID_TIPO_VENTA_FK,ID_VENTA_FK) values (348,'00010003',145,null,15,2175,16,null,309);
Insert into VENTA_PRODUCTO (ID_VENTA_PRODUCTO_PK,ID_SUBPRODUCTO_FK,PRECIO_PRODUCTO,KILOS_VENDIDOS,CANTIDAD_EMPAQUE,TOTAL_VENTA,ID_TIPO_EMPAQUE_FK,ID_TIPO_VENTA_FK,ID_VENTA_FK) values (349,'00010003',145,null,15,2175,16,null,310);
Insert into VENTA_PRODUCTO (ID_VENTA_PRODUCTO_PK,ID_SUBPRODUCTO_FK,PRECIO_PRODUCTO,KILOS_VENDIDOS,CANTIDAD_EMPAQUE,TOTAL_VENTA,ID_TIPO_EMPAQUE_FK,ID_TIPO_VENTA_FK,ID_VENTA_FK) values (350,'00010003',145,null,15,2175,16,null,311);
Insert into VENTA_PRODUCTO (ID_VENTA_PRODUCTO_PK,ID_SUBPRODUCTO_FK,PRECIO_PRODUCTO,KILOS_VENDIDOS,CANTIDAD_EMPAQUE,TOTAL_VENTA,ID_TIPO_EMPAQUE_FK,ID_TIPO_VENTA_FK,ID_VENTA_FK) values (351,'00010003',145,null,15,2175,16,null,312);
Insert into VENTA_PRODUCTO (ID_VENTA_PRODUCTO_PK,ID_SUBPRODUCTO_FK,PRECIO_PRODUCTO,KILOS_VENDIDOS,CANTIDAD_EMPAQUE,TOTAL_VENTA,ID_TIPO_EMPAQUE_FK,ID_TIPO_VENTA_FK,ID_VENTA_FK) values (352,'00010003',145,null,15,2175,16,null,313);
Insert into VENTA_PRODUCTO (ID_VENTA_PRODUCTO_PK,ID_SUBPRODUCTO_FK,PRECIO_PRODUCTO,KILOS_VENDIDOS,CANTIDAD_EMPAQUE,TOTAL_VENTA,ID_TIPO_EMPAQUE_FK,ID_TIPO_VENTA_FK,ID_VENTA_FK) values (353,'00010003',145,null,15,2175,16,null,314);
Insert into VENTA_PRODUCTO (ID_VENTA_PRODUCTO_PK,ID_SUBPRODUCTO_FK,PRECIO_PRODUCTO,KILOS_VENDIDOS,CANTIDAD_EMPAQUE,TOTAL_VENTA,ID_TIPO_EMPAQUE_FK,ID_TIPO_VENTA_FK,ID_VENTA_FK) values (370,'00000001',70,null,175,12250,16,null,331);
Insert into VENTA_PRODUCTO (ID_VENTA_PRODUCTO_PK,ID_SUBPRODUCTO_FK,PRECIO_PRODUCTO,KILOS_VENDIDOS,CANTIDAD_EMPAQUE,TOTAL_VENTA,ID_TIPO_EMPAQUE_FK,ID_TIPO_VENTA_FK,ID_VENTA_FK) values (371,'00000001',70,null,175,12250,16,null,332);
Insert into VENTA_PRODUCTO (ID_VENTA_PRODUCTO_PK,ID_SUBPRODUCTO_FK,PRECIO_PRODUCTO,KILOS_VENDIDOS,CANTIDAD_EMPAQUE,TOTAL_VENTA,ID_TIPO_EMPAQUE_FK,ID_TIPO_VENTA_FK,ID_VENTA_FK) values (372,'00000001',70,null,1545,108150,16,null,333);
Insert into VENTA_PRODUCTO (ID_VENTA_PRODUCTO_PK,ID_SUBPRODUCTO_FK,PRECIO_PRODUCTO,KILOS_VENDIDOS,CANTIDAD_EMPAQUE,TOTAL_VENTA,ID_TIPO_EMPAQUE_FK,ID_TIPO_VENTA_FK,ID_VENTA_FK) values (373,'00000001',70,null,1545,108150,16,null,334);
Insert into VENTA_PRODUCTO (ID_VENTA_PRODUCTO_PK,ID_SUBPRODUCTO_FK,PRECIO_PRODUCTO,KILOS_VENDIDOS,CANTIDAD_EMPAQUE,TOTAL_VENTA,ID_TIPO_EMPAQUE_FK,ID_TIPO_VENTA_FK,ID_VENTA_FK) values (374,'00000001',70,null,1545,108150,16,null,335);
Insert into VENTA_PRODUCTO (ID_VENTA_PRODUCTO_PK,ID_SUBPRODUCTO_FK,PRECIO_PRODUCTO,KILOS_VENDIDOS,CANTIDAD_EMPAQUE,TOTAL_VENTA,ID_TIPO_EMPAQUE_FK,ID_TIPO_VENTA_FK,ID_VENTA_FK) values (375,'00000001',70,null,1545,108150,16,null,336);
Insert into VENTA_PRODUCTO (ID_VENTA_PRODUCTO_PK,ID_SUBPRODUCTO_FK,PRECIO_PRODUCTO,KILOS_VENDIDOS,CANTIDAD_EMPAQUE,TOTAL_VENTA,ID_TIPO_EMPAQUE_FK,ID_TIPO_VENTA_FK,ID_VENTA_FK) values (376,'00000001',70,null,1545,108150,16,null,337);
Insert into VENTA_PRODUCTO (ID_VENTA_PRODUCTO_PK,ID_SUBPRODUCTO_FK,PRECIO_PRODUCTO,KILOS_VENDIDOS,CANTIDAD_EMPAQUE,TOTAL_VENTA,ID_TIPO_EMPAQUE_FK,ID_TIPO_VENTA_FK,ID_VENTA_FK) values (377,'00000001',70,null,1545,108150,16,null,338);
Insert into VENTA_PRODUCTO (ID_VENTA_PRODUCTO_PK,ID_SUBPRODUCTO_FK,PRECIO_PRODUCTO,KILOS_VENDIDOS,CANTIDAD_EMPAQUE,TOTAL_VENTA,ID_TIPO_EMPAQUE_FK,ID_TIPO_VENTA_FK,ID_VENTA_FK) values (378,'00000001',70,null,1545,108150,16,null,339);
Insert into VENTA_PRODUCTO (ID_VENTA_PRODUCTO_PK,ID_SUBPRODUCTO_FK,PRECIO_PRODUCTO,KILOS_VENDIDOS,CANTIDAD_EMPAQUE,TOTAL_VENTA,ID_TIPO_EMPAQUE_FK,ID_TIPO_VENTA_FK,ID_VENTA_FK) values (379,'00000001',70,null,14556,1018920,16,null,340);
Insert into VENTA_PRODUCTO (ID_VENTA_PRODUCTO_PK,ID_SUBPRODUCTO_FK,PRECIO_PRODUCTO,KILOS_VENDIDOS,CANTIDAD_EMPAQUE,TOTAL_VENTA,ID_TIPO_EMPAQUE_FK,ID_TIPO_VENTA_FK,ID_VENTA_FK) values (380,'00000001',70,null,175,12250,16,null,341);
Insert into VENTA_PRODUCTO (ID_VENTA_PRODUCTO_PK,ID_SUBPRODUCTO_FK,PRECIO_PRODUCTO,KILOS_VENDIDOS,CANTIDAD_EMPAQUE,TOTAL_VENTA,ID_TIPO_EMPAQUE_FK,ID_TIPO_VENTA_FK,ID_VENTA_FK) values (381,'00000001',70,null,175,12250,16,null,342);
Insert into VENTA_PRODUCTO (ID_VENTA_PRODUCTO_PK,ID_SUBPRODUCTO_FK,PRECIO_PRODUCTO,KILOS_VENDIDOS,CANTIDAD_EMPAQUE,TOTAL_VENTA,ID_TIPO_EMPAQUE_FK,ID_TIPO_VENTA_FK,ID_VENTA_FK) values (382,'00000001',70,null,175,12250,16,null,343);
Insert into VENTA_PRODUCTO (ID_VENTA_PRODUCTO_PK,ID_SUBPRODUCTO_FK,PRECIO_PRODUCTO,KILOS_VENDIDOS,CANTIDAD_EMPAQUE,TOTAL_VENTA,ID_TIPO_EMPAQUE_FK,ID_TIPO_VENTA_FK,ID_VENTA_FK) values (383,'00000001',70,null,175,12250,16,null,344);
Insert into VENTA_PRODUCTO (ID_VENTA_PRODUCTO_PK,ID_SUBPRODUCTO_FK,PRECIO_PRODUCTO,KILOS_VENDIDOS,CANTIDAD_EMPAQUE,TOTAL_VENTA,ID_TIPO_EMPAQUE_FK,ID_TIPO_VENTA_FK,ID_VENTA_FK) values (384,'00000001',70,null,175,12250,16,null,345);
Insert into VENTA_PRODUCTO (ID_VENTA_PRODUCTO_PK,ID_SUBPRODUCTO_FK,PRECIO_PRODUCTO,KILOS_VENDIDOS,CANTIDAD_EMPAQUE,TOTAL_VENTA,ID_TIPO_EMPAQUE_FK,ID_TIPO_VENTA_FK,ID_VENTA_FK) values (385,'00010003',145,null,5445,789525,16,null,346);
Insert into VENTA_PRODUCTO (ID_VENTA_PRODUCTO_PK,ID_SUBPRODUCTO_FK,PRECIO_PRODUCTO,KILOS_VENDIDOS,CANTIDAD_EMPAQUE,TOTAL_VENTA,ID_TIPO_EMPAQUE_FK,ID_TIPO_VENTA_FK,ID_VENTA_FK) values (386,'00000001',70,null,146,10220,16,null,347);
Insert into VENTA_PRODUCTO (ID_VENTA_PRODUCTO_PK,ID_SUBPRODUCTO_FK,PRECIO_PRODUCTO,KILOS_VENDIDOS,CANTIDAD_EMPAQUE,TOTAL_VENTA,ID_TIPO_EMPAQUE_FK,ID_TIPO_VENTA_FK,ID_VENTA_FK) values (387,'00000001',70,null,145,10150,16,null,348);
Insert into VENTA_PRODUCTO (ID_VENTA_PRODUCTO_PK,ID_SUBPRODUCTO_FK,PRECIO_PRODUCTO,KILOS_VENDIDOS,CANTIDAD_EMPAQUE,TOTAL_VENTA,ID_TIPO_EMPAQUE_FK,ID_TIPO_VENTA_FK,ID_VENTA_FK) values (388,'00000001',70,null,145,10150,16,null,349);
Insert into VENTA_PRODUCTO (ID_VENTA_PRODUCTO_PK,ID_SUBPRODUCTO_FK,PRECIO_PRODUCTO,KILOS_VENDIDOS,CANTIDAD_EMPAQUE,TOTAL_VENTA,ID_TIPO_EMPAQUE_FK,ID_TIPO_VENTA_FK,ID_VENTA_FK) values (389,'00000001',70,null,145,10150,16,null,350);
Insert into VENTA_PRODUCTO (ID_VENTA_PRODUCTO_PK,ID_SUBPRODUCTO_FK,PRECIO_PRODUCTO,KILOS_VENDIDOS,CANTIDAD_EMPAQUE,TOTAL_VENTA,ID_TIPO_EMPAQUE_FK,ID_TIPO_VENTA_FK,ID_VENTA_FK) values (390,'00000001',70,null,175,12250,16,null,351);
Insert into VENTA_PRODUCTO (ID_VENTA_PRODUCTO_PK,ID_SUBPRODUCTO_FK,PRECIO_PRODUCTO,KILOS_VENDIDOS,CANTIDAD_EMPAQUE,TOTAL_VENTA,ID_TIPO_EMPAQUE_FK,ID_TIPO_VENTA_FK,ID_VENTA_FK) values (391,'00000001',70,null,145,10150,16,null,352);
Insert into VENTA_PRODUCTO (ID_VENTA_PRODUCTO_PK,ID_SUBPRODUCTO_FK,PRECIO_PRODUCTO,KILOS_VENDIDOS,CANTIDAD_EMPAQUE,TOTAL_VENTA,ID_TIPO_EMPAQUE_FK,ID_TIPO_VENTA_FK,ID_VENTA_FK) values (392,'00010003',145,null,196,28420,16,null,353);
Insert into VENTA_PRODUCTO (ID_VENTA_PRODUCTO_PK,ID_SUBPRODUCTO_FK,PRECIO_PRODUCTO,KILOS_VENDIDOS,CANTIDAD_EMPAQUE,TOTAL_VENTA,ID_TIPO_EMPAQUE_FK,ID_TIPO_VENTA_FK,ID_VENTA_FK) values (393,'00000001',70,null,1545,108150,16,null,353);
Insert into VENTA_PRODUCTO (ID_VENTA_PRODUCTO_PK,ID_SUBPRODUCTO_FK,PRECIO_PRODUCTO,KILOS_VENDIDOS,CANTIDAD_EMPAQUE,TOTAL_VENTA,ID_TIPO_EMPAQUE_FK,ID_TIPO_VENTA_FK,ID_VENTA_FK) values (394,'00000001',70,null,145,10150,16,null,354);
Insert into VENTA_PRODUCTO (ID_VENTA_PRODUCTO_PK,ID_SUBPRODUCTO_FK,PRECIO_PRODUCTO,KILOS_VENDIDOS,CANTIDAD_EMPAQUE,TOTAL_VENTA,ID_TIPO_EMPAQUE_FK,ID_TIPO_VENTA_FK,ID_VENTA_FK) values (395,'00000001',70,null,145,10150,16,null,355);
Insert into VENTA_PRODUCTO (ID_VENTA_PRODUCTO_PK,ID_SUBPRODUCTO_FK,PRECIO_PRODUCTO,KILOS_VENDIDOS,CANTIDAD_EMPAQUE,TOTAL_VENTA,ID_TIPO_EMPAQUE_FK,ID_TIPO_VENTA_FK,ID_VENTA_FK) values (396,'00000001',70,null,145,10150,16,null,356);
Insert into VENTA_PRODUCTO (ID_VENTA_PRODUCTO_PK,ID_SUBPRODUCTO_FK,PRECIO_PRODUCTO,KILOS_VENDIDOS,CANTIDAD_EMPAQUE,TOTAL_VENTA,ID_TIPO_EMPAQUE_FK,ID_TIPO_VENTA_FK,ID_VENTA_FK) values (397,'00000001',70,null,145,10150,16,null,357);
Insert into VENTA_PRODUCTO (ID_VENTA_PRODUCTO_PK,ID_SUBPRODUCTO_FK,PRECIO_PRODUCTO,KILOS_VENDIDOS,CANTIDAD_EMPAQUE,TOTAL_VENTA,ID_TIPO_EMPAQUE_FK,ID_TIPO_VENTA_FK,ID_VENTA_FK) values (398,'00000001',70,null,1459,102130,16,null,358);
Insert into VENTA_PRODUCTO (ID_VENTA_PRODUCTO_PK,ID_SUBPRODUCTO_FK,PRECIO_PRODUCTO,KILOS_VENDIDOS,CANTIDAD_EMPAQUE,TOTAL_VENTA,ID_TIPO_EMPAQUE_FK,ID_TIPO_VENTA_FK,ID_VENTA_FK) values (399,'00000001',70,null,145,10150,16,null,359);
Insert into VENTA_PRODUCTO (ID_VENTA_PRODUCTO_PK,ID_SUBPRODUCTO_FK,PRECIO_PRODUCTO,KILOS_VENDIDOS,CANTIDAD_EMPAQUE,TOTAL_VENTA,ID_TIPO_EMPAQUE_FK,ID_TIPO_VENTA_FK,ID_VENTA_FK) values (400,'00000001',70,null,145,10150,16,null,360);
Insert into VENTA_PRODUCTO (ID_VENTA_PRODUCTO_PK,ID_SUBPRODUCTO_FK,PRECIO_PRODUCTO,KILOS_VENDIDOS,CANTIDAD_EMPAQUE,TOTAL_VENTA,ID_TIPO_EMPAQUE_FK,ID_TIPO_VENTA_FK,ID_VENTA_FK) values (401,'00000001',70,null,145,10150,16,null,361);
Insert into VENTA_PRODUCTO (ID_VENTA_PRODUCTO_PK,ID_SUBPRODUCTO_FK,PRECIO_PRODUCTO,KILOS_VENDIDOS,CANTIDAD_EMPAQUE,TOTAL_VENTA,ID_TIPO_EMPAQUE_FK,ID_TIPO_VENTA_FK,ID_VENTA_FK) values (402,'00000001',70,null,145,10150,16,null,362);
Insert into VENTA_PRODUCTO (ID_VENTA_PRODUCTO_PK,ID_SUBPRODUCTO_FK,PRECIO_PRODUCTO,KILOS_VENDIDOS,CANTIDAD_EMPAQUE,TOTAL_VENTA,ID_TIPO_EMPAQUE_FK,ID_TIPO_VENTA_FK,ID_VENTA_FK) values (403,'00000001',70,null,1458,102060,16,null,363);
Insert into VENTA_PRODUCTO (ID_VENTA_PRODUCTO_PK,ID_SUBPRODUCTO_FK,PRECIO_PRODUCTO,KILOS_VENDIDOS,CANTIDAD_EMPAQUE,TOTAL_VENTA,ID_TIPO_EMPAQUE_FK,ID_TIPO_VENTA_FK,ID_VENTA_FK) values (404,'00000001',70,null,145,10150,16,null,364);
Insert into VENTA_PRODUCTO (ID_VENTA_PRODUCTO_PK,ID_SUBPRODUCTO_FK,PRECIO_PRODUCTO,KILOS_VENDIDOS,CANTIDAD_EMPAQUE,TOTAL_VENTA,ID_TIPO_EMPAQUE_FK,ID_TIPO_VENTA_FK,ID_VENTA_FK) values (405,'00000001',70,null,145,10150,16,null,365);
Insert into VENTA_PRODUCTO (ID_VENTA_PRODUCTO_PK,ID_SUBPRODUCTO_FK,PRECIO_PRODUCTO,KILOS_VENDIDOS,CANTIDAD_EMPAQUE,TOTAL_VENTA,ID_TIPO_EMPAQUE_FK,ID_TIPO_VENTA_FK,ID_VENTA_FK) values (406,'00010003',15,null,45,675,16,null,366);
Insert into VENTA_PRODUCTO (ID_VENTA_PRODUCTO_PK,ID_SUBPRODUCTO_FK,PRECIO_PRODUCTO,KILOS_VENDIDOS,CANTIDAD_EMPAQUE,TOTAL_VENTA,ID_TIPO_EMPAQUE_FK,ID_TIPO_VENTA_FK,ID_VENTA_FK) values (407,'00010003',15,null,45,675,16,null,367);
Insert into VENTA_PRODUCTO (ID_VENTA_PRODUCTO_PK,ID_SUBPRODUCTO_FK,PRECIO_PRODUCTO,KILOS_VENDIDOS,CANTIDAD_EMPAQUE,TOTAL_VENTA,ID_TIPO_EMPAQUE_FK,ID_TIPO_VENTA_FK,ID_VENTA_FK) values (408,'00000001',70,null,624,43680,16,null,368);
Insert into VENTA_PRODUCTO (ID_VENTA_PRODUCTO_PK,ID_SUBPRODUCTO_FK,PRECIO_PRODUCTO,KILOS_VENDIDOS,CANTIDAD_EMPAQUE,TOTAL_VENTA,ID_TIPO_EMPAQUE_FK,ID_TIPO_VENTA_FK,ID_VENTA_FK) values (409,'00010003',145454,null,4554,662397516,16,null,369);
Insert into VENTA_PRODUCTO (ID_VENTA_PRODUCTO_PK,ID_SUBPRODUCTO_FK,PRECIO_PRODUCTO,KILOS_VENDIDOS,CANTIDAD_EMPAQUE,TOTAL_VENTA,ID_TIPO_EMPAQUE_FK,ID_TIPO_VENTA_FK,ID_VENTA_FK) values (410,'00010003',145454,null,4554,662397516,16,null,370);
Insert into VENTA_PRODUCTO (ID_VENTA_PRODUCTO_PK,ID_SUBPRODUCTO_FK,PRECIO_PRODUCTO,KILOS_VENDIDOS,CANTIDAD_EMPAQUE,TOTAL_VENTA,ID_TIPO_EMPAQUE_FK,ID_TIPO_VENTA_FK,ID_VENTA_FK) values (411,'00000001',70,null,1445,101150,16,null,371);
Insert into VENTA_PRODUCTO (ID_VENTA_PRODUCTO_PK,ID_SUBPRODUCTO_FK,PRECIO_PRODUCTO,KILOS_VENDIDOS,CANTIDAD_EMPAQUE,TOTAL_VENTA,ID_TIPO_EMPAQUE_FK,ID_TIPO_VENTA_FK,ID_VENTA_FK) values (412,'00000001',70,null,167,11690,16,null,372);
Insert into VENTA_PRODUCTO (ID_VENTA_PRODUCTO_PK,ID_SUBPRODUCTO_FK,PRECIO_PRODUCTO,KILOS_VENDIDOS,CANTIDAD_EMPAQUE,TOTAL_VENTA,ID_TIPO_EMPAQUE_FK,ID_TIPO_VENTA_FK,ID_VENTA_FK) values (413,'00000001',70,null,1786,125020,16,null,373);
Insert into VENTA_PRODUCTO (ID_VENTA_PRODUCTO_PK,ID_SUBPRODUCTO_FK,PRECIO_PRODUCTO,KILOS_VENDIDOS,CANTIDAD_EMPAQUE,TOTAL_VENTA,ID_TIPO_EMPAQUE_FK,ID_TIPO_VENTA_FK,ID_VENTA_FK) values (414,'00000001',70,null,1786,125020,16,null,374);
Insert into VENTA_PRODUCTO (ID_VENTA_PRODUCTO_PK,ID_SUBPRODUCTO_FK,PRECIO_PRODUCTO,KILOS_VENDIDOS,CANTIDAD_EMPAQUE,TOTAL_VENTA,ID_TIPO_EMPAQUE_FK,ID_TIPO_VENTA_FK,ID_VENTA_FK) values (415,'00000001',70,null,165,11550,16,null,375);
Insert into VENTA_PRODUCTO (ID_VENTA_PRODUCTO_PK,ID_SUBPRODUCTO_FK,PRECIO_PRODUCTO,KILOS_VENDIDOS,CANTIDAD_EMPAQUE,TOTAL_VENTA,ID_TIPO_EMPAQUE_FK,ID_TIPO_VENTA_FK,ID_VENTA_FK) values (416,'00000001',70,null,165,11550,16,null,376);
Insert into VENTA_PRODUCTO (ID_VENTA_PRODUCTO_PK,ID_SUBPRODUCTO_FK,PRECIO_PRODUCTO,KILOS_VENDIDOS,CANTIDAD_EMPAQUE,TOTAL_VENTA,ID_TIPO_EMPAQUE_FK,ID_TIPO_VENTA_FK,ID_VENTA_FK) values (417,'00000001',70,null,1445,101150,16,null,377);
Insert into VENTA_PRODUCTO (ID_VENTA_PRODUCTO_PK,ID_SUBPRODUCTO_FK,PRECIO_PRODUCTO,KILOS_VENDIDOS,CANTIDAD_EMPAQUE,TOTAL_VENTA,ID_TIPO_EMPAQUE_FK,ID_TIPO_VENTA_FK,ID_VENTA_FK) values (418,'00000001',70,null,145,10150,16,null,378);
Insert into VENTA_PRODUCTO (ID_VENTA_PRODUCTO_PK,ID_SUBPRODUCTO_FK,PRECIO_PRODUCTO,KILOS_VENDIDOS,CANTIDAD_EMPAQUE,TOTAL_VENTA,ID_TIPO_EMPAQUE_FK,ID_TIPO_VENTA_FK,ID_VENTA_FK) values (419,'00000001',70,null,184,12880,16,null,379);
Insert into VENTA_PRODUCTO (ID_VENTA_PRODUCTO_PK,ID_SUBPRODUCTO_FK,PRECIO_PRODUCTO,KILOS_VENDIDOS,CANTIDAD_EMPAQUE,TOTAL_VENTA,ID_TIPO_EMPAQUE_FK,ID_TIPO_VENTA_FK,ID_VENTA_FK) values (420,'00000001',70,null,154,10780,16,null,380);
Insert into VENTA_PRODUCTO (ID_VENTA_PRODUCTO_PK,ID_SUBPRODUCTO_FK,PRECIO_PRODUCTO,KILOS_VENDIDOS,CANTIDAD_EMPAQUE,TOTAL_VENTA,ID_TIPO_EMPAQUE_FK,ID_TIPO_VENTA_FK,ID_VENTA_FK) values (421,'00000001',70,null,155,10850,16,null,381);
Insert into VENTA_PRODUCTO (ID_VENTA_PRODUCTO_PK,ID_SUBPRODUCTO_FK,PRECIO_PRODUCTO,KILOS_VENDIDOS,CANTIDAD_EMPAQUE,TOTAL_VENTA,ID_TIPO_EMPAQUE_FK,ID_TIPO_VENTA_FK,ID_VENTA_FK) values (422,'00000001',70,null,1800,126000,16,null,382);
Insert into VENTA_PRODUCTO (ID_VENTA_PRODUCTO_PK,ID_SUBPRODUCTO_FK,PRECIO_PRODUCTO,KILOS_VENDIDOS,CANTIDAD_EMPAQUE,TOTAL_VENTA,ID_TIPO_EMPAQUE_FK,ID_TIPO_VENTA_FK,ID_VENTA_FK) values (423,'00010001',120,null,15,1800,13,null,382);
Insert into VENTA_PRODUCTO (ID_VENTA_PRODUCTO_PK,ID_SUBPRODUCTO_FK,PRECIO_PRODUCTO,KILOS_VENDIDOS,CANTIDAD_EMPAQUE,TOTAL_VENTA,ID_TIPO_EMPAQUE_FK,ID_TIPO_VENTA_FK,ID_VENTA_FK) values (424,'00020001',10000,null,2,20000,12,null,382);
Insert into VENTA_PRODUCTO (ID_VENTA_PRODUCTO_PK,ID_SUBPRODUCTO_FK,PRECIO_PRODUCTO,KILOS_VENDIDOS,CANTIDAD_EMPAQUE,TOTAL_VENTA,ID_TIPO_EMPAQUE_FK,ID_TIPO_VENTA_FK,ID_VENTA_FK) values (425,'00010002',150,null,12,1800,13,null,382);
Insert into VENTA_PRODUCTO (ID_VENTA_PRODUCTO_PK,ID_SUBPRODUCTO_FK,PRECIO_PRODUCTO,KILOS_VENDIDOS,CANTIDAD_EMPAQUE,TOTAL_VENTA,ID_TIPO_EMPAQUE_FK,ID_TIPO_VENTA_FK,ID_VENTA_FK) values (426,'00000001',70,null,145,10150,16,null,383);
Insert into VENTA_PRODUCTO (ID_VENTA_PRODUCTO_PK,ID_SUBPRODUCTO_FK,PRECIO_PRODUCTO,KILOS_VENDIDOS,CANTIDAD_EMPAQUE,TOTAL_VENTA,ID_TIPO_EMPAQUE_FK,ID_TIPO_VENTA_FK,ID_VENTA_FK) values (428,'00000001',70,null,145,10150,16,null,385);
Insert into VENTA_PRODUCTO (ID_VENTA_PRODUCTO_PK,ID_SUBPRODUCTO_FK,PRECIO_PRODUCTO,KILOS_VENDIDOS,CANTIDAD_EMPAQUE,TOTAL_VENTA,ID_TIPO_EMPAQUE_FK,ID_TIPO_VENTA_FK,ID_VENTA_FK) values (429,'00000001',70,null,145,10150,16,null,386);
Insert into VENTA_PRODUCTO (ID_VENTA_PRODUCTO_PK,ID_SUBPRODUCTO_FK,PRECIO_PRODUCTO,KILOS_VENDIDOS,CANTIDAD_EMPAQUE,TOTAL_VENTA,ID_TIPO_EMPAQUE_FK,ID_TIPO_VENTA_FK,ID_VENTA_FK) values (430,'00000001',70,null,145,10150,16,null,387);
Insert into VENTA_PRODUCTO (ID_VENTA_PRODUCTO_PK,ID_SUBPRODUCTO_FK,PRECIO_PRODUCTO,KILOS_VENDIDOS,CANTIDAD_EMPAQUE,TOTAL_VENTA,ID_TIPO_EMPAQUE_FK,ID_TIPO_VENTA_FK,ID_VENTA_FK) values (431,'00000001',70,null,145,10150,16,null,388);
Insert into VENTA_PRODUCTO (ID_VENTA_PRODUCTO_PK,ID_SUBPRODUCTO_FK,PRECIO_PRODUCTO,KILOS_VENDIDOS,CANTIDAD_EMPAQUE,TOTAL_VENTA,ID_TIPO_EMPAQUE_FK,ID_TIPO_VENTA_FK,ID_VENTA_FK) values (432,'00000001',70,null,45,3150,16,null,389);
Insert into VENTA_PRODUCTO (ID_VENTA_PRODUCTO_PK,ID_SUBPRODUCTO_FK,PRECIO_PRODUCTO,KILOS_VENDIDOS,CANTIDAD_EMPAQUE,TOTAL_VENTA,ID_TIPO_EMPAQUE_FK,ID_TIPO_VENTA_FK,ID_VENTA_FK) values (433,'00000001',70,null,145,10150,16,null,390);
Insert into VENTA_PRODUCTO (ID_VENTA_PRODUCTO_PK,ID_SUBPRODUCTO_FK,PRECIO_PRODUCTO,KILOS_VENDIDOS,CANTIDAD_EMPAQUE,TOTAL_VENTA,ID_TIPO_EMPAQUE_FK,ID_TIPO_VENTA_FK,ID_VENTA_FK) values (434,'00000001',70,null,145,10150,16,null,391);
Insert into VENTA_PRODUCTO (ID_VENTA_PRODUCTO_PK,ID_SUBPRODUCTO_FK,PRECIO_PRODUCTO,KILOS_VENDIDOS,CANTIDAD_EMPAQUE,TOTAL_VENTA,ID_TIPO_EMPAQUE_FK,ID_TIPO_VENTA_FK,ID_VENTA_FK) values (435,'00000001',70,null,145,10150,16,null,392);
Insert into VENTA_PRODUCTO (ID_VENTA_PRODUCTO_PK,ID_SUBPRODUCTO_FK,PRECIO_PRODUCTO,KILOS_VENDIDOS,CANTIDAD_EMPAQUE,TOTAL_VENTA,ID_TIPO_EMPAQUE_FK,ID_TIPO_VENTA_FK,ID_VENTA_FK) values (436,'00000001',70,null,145,10150,16,null,393);
Insert into VENTA_PRODUCTO (ID_VENTA_PRODUCTO_PK,ID_SUBPRODUCTO_FK,PRECIO_PRODUCTO,KILOS_VENDIDOS,CANTIDAD_EMPAQUE,TOTAL_VENTA,ID_TIPO_EMPAQUE_FK,ID_TIPO_VENTA_FK,ID_VENTA_FK) values (437,'00000001',70,null,145,10150,16,null,394);
Insert into VENTA_PRODUCTO (ID_VENTA_PRODUCTO_PK,ID_SUBPRODUCTO_FK,PRECIO_PRODUCTO,KILOS_VENDIDOS,CANTIDAD_EMPAQUE,TOTAL_VENTA,ID_TIPO_EMPAQUE_FK,ID_TIPO_VENTA_FK,ID_VENTA_FK) values (438,'00000001',70,null,145,10150,16,null,395);
Insert into VENTA_PRODUCTO (ID_VENTA_PRODUCTO_PK,ID_SUBPRODUCTO_FK,PRECIO_PRODUCTO,KILOS_VENDIDOS,CANTIDAD_EMPAQUE,TOTAL_VENTA,ID_TIPO_EMPAQUE_FK,ID_TIPO_VENTA_FK,ID_VENTA_FK) values (439,'00010003',145,null,156,22620,16,null,396);
Insert into VENTA_PRODUCTO (ID_VENTA_PRODUCTO_PK,ID_SUBPRODUCTO_FK,PRECIO_PRODUCTO,KILOS_VENDIDOS,CANTIDAD_EMPAQUE,TOTAL_VENTA,ID_TIPO_EMPAQUE_FK,ID_TIPO_VENTA_FK,ID_VENTA_FK) values (440,'00000001',70,null,145,10150,16,null,397);
Insert into VENTA_PRODUCTO (ID_VENTA_PRODUCTO_PK,ID_SUBPRODUCTO_FK,PRECIO_PRODUCTO,KILOS_VENDIDOS,CANTIDAD_EMPAQUE,TOTAL_VENTA,ID_TIPO_EMPAQUE_FK,ID_TIPO_VENTA_FK,ID_VENTA_FK) values (441,'00000001',70,null,145,10150,16,null,398);
Insert into VENTA_PRODUCTO (ID_VENTA_PRODUCTO_PK,ID_SUBPRODUCTO_FK,PRECIO_PRODUCTO,KILOS_VENDIDOS,CANTIDAD_EMPAQUE,TOTAL_VENTA,ID_TIPO_EMPAQUE_FK,ID_TIPO_VENTA_FK,ID_VENTA_FK) values (442,'00010003',1445,null,145,209525,16,null,399);
Insert into VENTA_PRODUCTO (ID_VENTA_PRODUCTO_PK,ID_SUBPRODUCTO_FK,PRECIO_PRODUCTO,KILOS_VENDIDOS,CANTIDAD_EMPAQUE,TOTAL_VENTA,ID_TIPO_EMPAQUE_FK,ID_TIPO_VENTA_FK,ID_VENTA_FK) values (443,'00000001',70,null,178,12460,16,null,400);
Insert into VENTA_PRODUCTO (ID_VENTA_PRODUCTO_PK,ID_SUBPRODUCTO_FK,PRECIO_PRODUCTO,KILOS_VENDIDOS,CANTIDAD_EMPAQUE,TOTAL_VENTA,ID_TIPO_EMPAQUE_FK,ID_TIPO_VENTA_FK,ID_VENTA_FK) values (445,'00000001',15470,null,454,7023380,16,null,402);
Insert into VENTA_PRODUCTO (ID_VENTA_PRODUCTO_PK,ID_SUBPRODUCTO_FK,PRECIO_PRODUCTO,KILOS_VENDIDOS,CANTIDAD_EMPAQUE,TOTAL_VENTA,ID_TIPO_EMPAQUE_FK,ID_TIPO_VENTA_FK,ID_VENTA_FK) values (446,'00000001',70,null,145,10150,16,null,403);
Insert into VENTA_PRODUCTO (ID_VENTA_PRODUCTO_PK,ID_SUBPRODUCTO_FK,PRECIO_PRODUCTO,KILOS_VENDIDOS,CANTIDAD_EMPAQUE,TOTAL_VENTA,ID_TIPO_EMPAQUE_FK,ID_TIPO_VENTA_FK,ID_VENTA_FK) values (447,'00000001',70,null,1789,125230,16,null,404);
Insert into VENTA_PRODUCTO (ID_VENTA_PRODUCTO_PK,ID_SUBPRODUCTO_FK,PRECIO_PRODUCTO,KILOS_VENDIDOS,CANTIDAD_EMPAQUE,TOTAL_VENTA,ID_TIPO_EMPAQUE_FK,ID_TIPO_VENTA_FK,ID_VENTA_FK) values (448,'00000001',70,null,1789,125230,16,null,405);
Insert into VENTA_PRODUCTO (ID_VENTA_PRODUCTO_PK,ID_SUBPRODUCTO_FK,PRECIO_PRODUCTO,KILOS_VENDIDOS,CANTIDAD_EMPAQUE,TOTAL_VENTA,ID_TIPO_EMPAQUE_FK,ID_TIPO_VENTA_FK,ID_VENTA_FK) values (455,'00000001',70,null,1456,101920,16,null,410);
Insert into VENTA_PRODUCTO (ID_VENTA_PRODUCTO_PK,ID_SUBPRODUCTO_FK,PRECIO_PRODUCTO,KILOS_VENDIDOS,CANTIDAD_EMPAQUE,TOTAL_VENTA,ID_TIPO_EMPAQUE_FK,ID_TIPO_VENTA_FK,ID_VENTA_FK) values (456,'00000001',70,null,1457,101990,16,null,411);
Insert into VENTA_PRODUCTO (ID_VENTA_PRODUCTO_PK,ID_SUBPRODUCTO_FK,PRECIO_PRODUCTO,KILOS_VENDIDOS,CANTIDAD_EMPAQUE,TOTAL_VENTA,ID_TIPO_EMPAQUE_FK,ID_TIPO_VENTA_FK,ID_VENTA_FK) values (457,'00000001',70,null,1457,101990,16,null,412);
Insert into VENTA_PRODUCTO (ID_VENTA_PRODUCTO_PK,ID_SUBPRODUCTO_FK,PRECIO_PRODUCTO,KILOS_VENDIDOS,CANTIDAD_EMPAQUE,TOTAL_VENTA,ID_TIPO_EMPAQUE_FK,ID_TIPO_VENTA_FK,ID_VENTA_FK) values (458,'00000001',70,null,15445,1081150,16,null,413);
Insert into VENTA_PRODUCTO (ID_VENTA_PRODUCTO_PK,ID_SUBPRODUCTO_FK,PRECIO_PRODUCTO,KILOS_VENDIDOS,CANTIDAD_EMPAQUE,TOTAL_VENTA,ID_TIPO_EMPAQUE_FK,ID_TIPO_VENTA_FK,ID_VENTA_FK) values (459,'00010003',15,null,454,6810,16,null,414);
Insert into VENTA_PRODUCTO (ID_VENTA_PRODUCTO_PK,ID_SUBPRODUCTO_FK,PRECIO_PRODUCTO,KILOS_VENDIDOS,CANTIDAD_EMPAQUE,TOTAL_VENTA,ID_TIPO_EMPAQUE_FK,ID_TIPO_VENTA_FK,ID_VENTA_FK) values (460,'00010003',15,null,454,6810,16,null,415);
Insert into VENTA_PRODUCTO (ID_VENTA_PRODUCTO_PK,ID_SUBPRODUCTO_FK,PRECIO_PRODUCTO,KILOS_VENDIDOS,CANTIDAD_EMPAQUE,TOTAL_VENTA,ID_TIPO_EMPAQUE_FK,ID_TIPO_VENTA_FK,ID_VENTA_FK) values (461,'00000001',70,null,1454,101780,16,null,416);
Insert into VENTA_PRODUCTO (ID_VENTA_PRODUCTO_PK,ID_SUBPRODUCTO_FK,PRECIO_PRODUCTO,KILOS_VENDIDOS,CANTIDAD_EMPAQUE,TOTAL_VENTA,ID_TIPO_EMPAQUE_FK,ID_TIPO_VENTA_FK,ID_VENTA_FK) values (462,'00010003',1545,null,1545,2387025,16,null,417);
Insert into VENTA_PRODUCTO (ID_VENTA_PRODUCTO_PK,ID_SUBPRODUCTO_FK,PRECIO_PRODUCTO,KILOS_VENDIDOS,CANTIDAD_EMPAQUE,TOTAL_VENTA,ID_TIPO_EMPAQUE_FK,ID_TIPO_VENTA_FK,ID_VENTA_FK) values (463,'00000001',70,null,545,38150,16,null,418);
Insert into VENTA_PRODUCTO (ID_VENTA_PRODUCTO_PK,ID_SUBPRODUCTO_FK,PRECIO_PRODUCTO,KILOS_VENDIDOS,CANTIDAD_EMPAQUE,TOTAL_VENTA,ID_TIPO_EMPAQUE_FK,ID_TIPO_VENTA_FK,ID_VENTA_FK) values (464,'00000001',70,null,55,3850,16,null,419);
Insert into VENTA_PRODUCTO (ID_VENTA_PRODUCTO_PK,ID_SUBPRODUCTO_FK,PRECIO_PRODUCTO,KILOS_VENDIDOS,CANTIDAD_EMPAQUE,TOTAL_VENTA,ID_TIPO_EMPAQUE_FK,ID_TIPO_VENTA_FK,ID_VENTA_FK) values (465,'00000001',70,null,55,3850,16,null,420);
Insert into VENTA_PRODUCTO (ID_VENTA_PRODUCTO_PK,ID_SUBPRODUCTO_FK,PRECIO_PRODUCTO,KILOS_VENDIDOS,CANTIDAD_EMPAQUE,TOTAL_VENTA,ID_TIPO_EMPAQUE_FK,ID_TIPO_VENTA_FK,ID_VENTA_FK) values (466,'00000001',70,null,55,3850,16,null,421);
Insert into VENTA_PRODUCTO (ID_VENTA_PRODUCTO_PK,ID_SUBPRODUCTO_FK,PRECIO_PRODUCTO,KILOS_VENDIDOS,CANTIDAD_EMPAQUE,TOTAL_VENTA,ID_TIPO_EMPAQUE_FK,ID_TIPO_VENTA_FK,ID_VENTA_FK) values (467,'00000001',70,null,554,38780,16,null,422);
Insert into VENTA_PRODUCTO (ID_VENTA_PRODUCTO_PK,ID_SUBPRODUCTO_FK,PRECIO_PRODUCTO,KILOS_VENDIDOS,CANTIDAD_EMPAQUE,TOTAL_VENTA,ID_TIPO_EMPAQUE_FK,ID_TIPO_VENTA_FK,ID_VENTA_FK) values (468,'00000001',70,null,1545,108150,16,null,423);
Insert into VENTA_PRODUCTO (ID_VENTA_PRODUCTO_PK,ID_SUBPRODUCTO_FK,PRECIO_PRODUCTO,KILOS_VENDIDOS,CANTIDAD_EMPAQUE,TOTAL_VENTA,ID_TIPO_EMPAQUE_FK,ID_TIPO_VENTA_FK,ID_VENTA_FK) values (469,'00000001',70,null,154,10780,16,null,424);
Insert into VENTA_PRODUCTO (ID_VENTA_PRODUCTO_PK,ID_SUBPRODUCTO_FK,PRECIO_PRODUCTO,KILOS_VENDIDOS,CANTIDAD_EMPAQUE,TOTAL_VENTA,ID_TIPO_EMPAQUE_FK,ID_TIPO_VENTA_FK,ID_VENTA_FK) values (470,'00000001',70,null,154,10780,16,null,425);
Insert into VENTA_PRODUCTO (ID_VENTA_PRODUCTO_PK,ID_SUBPRODUCTO_FK,PRECIO_PRODUCTO,KILOS_VENDIDOS,CANTIDAD_EMPAQUE,TOTAL_VENTA,ID_TIPO_EMPAQUE_FK,ID_TIPO_VENTA_FK,ID_VENTA_FK) values (471,'00000001',70,null,154,10780,16,null,426);
Insert into VENTA_PRODUCTO (ID_VENTA_PRODUCTO_PK,ID_SUBPRODUCTO_FK,PRECIO_PRODUCTO,KILOS_VENDIDOS,CANTIDAD_EMPAQUE,TOTAL_VENTA,ID_TIPO_EMPAQUE_FK,ID_TIPO_VENTA_FK,ID_VENTA_FK) values (472,'00000001',70,null,154,10780,16,null,427);
Insert into VENTA_PRODUCTO (ID_VENTA_PRODUCTO_PK,ID_SUBPRODUCTO_FK,PRECIO_PRODUCTO,KILOS_VENDIDOS,CANTIDAD_EMPAQUE,TOTAL_VENTA,ID_TIPO_EMPAQUE_FK,ID_TIPO_VENTA_FK,ID_VENTA_FK) values (473,'00000001',70,null,1545,108150,16,null,428);
Insert into VENTA_PRODUCTO (ID_VENTA_PRODUCTO_PK,ID_SUBPRODUCTO_FK,PRECIO_PRODUCTO,KILOS_VENDIDOS,CANTIDAD_EMPAQUE,TOTAL_VENTA,ID_TIPO_EMPAQUE_FK,ID_TIPO_VENTA_FK,ID_VENTA_FK) values (474,'00000001',70,null,1545,108150,16,null,429);
Insert into VENTA_PRODUCTO (ID_VENTA_PRODUCTO_PK,ID_SUBPRODUCTO_FK,PRECIO_PRODUCTO,KILOS_VENDIDOS,CANTIDAD_EMPAQUE,TOTAL_VENTA,ID_TIPO_EMPAQUE_FK,ID_TIPO_VENTA_FK,ID_VENTA_FK) values (475,'00000001',70,null,154,10780,16,null,430);
Insert into VENTA_PRODUCTO (ID_VENTA_PRODUCTO_PK,ID_SUBPRODUCTO_FK,PRECIO_PRODUCTO,KILOS_VENDIDOS,CANTIDAD_EMPAQUE,TOTAL_VENTA,ID_TIPO_EMPAQUE_FK,ID_TIPO_VENTA_FK,ID_VENTA_FK) values (476,'00000001',70,null,154,10780,16,null,431);
Insert into VENTA_PRODUCTO (ID_VENTA_PRODUCTO_PK,ID_SUBPRODUCTO_FK,PRECIO_PRODUCTO,KILOS_VENDIDOS,CANTIDAD_EMPAQUE,TOTAL_VENTA,ID_TIPO_EMPAQUE_FK,ID_TIPO_VENTA_FK,ID_VENTA_FK) values (477,'00000001',70,null,45,3150,16,null,432);
Insert into VENTA_PRODUCTO (ID_VENTA_PRODUCTO_PK,ID_SUBPRODUCTO_FK,PRECIO_PRODUCTO,KILOS_VENDIDOS,CANTIDAD_EMPAQUE,TOTAL_VENTA,ID_TIPO_EMPAQUE_FK,ID_TIPO_VENTA_FK,ID_VENTA_FK) values (478,'00000001',70,null,45,3150,16,null,433);
Insert into VENTA_PRODUCTO (ID_VENTA_PRODUCTO_PK,ID_SUBPRODUCTO_FK,PRECIO_PRODUCTO,KILOS_VENDIDOS,CANTIDAD_EMPAQUE,TOTAL_VENTA,ID_TIPO_EMPAQUE_FK,ID_TIPO_VENTA_FK,ID_VENTA_FK) values (479,'00000001',70,null,154,10780,16,null,434);
Insert into VENTA_PRODUCTO (ID_VENTA_PRODUCTO_PK,ID_SUBPRODUCTO_FK,PRECIO_PRODUCTO,KILOS_VENDIDOS,CANTIDAD_EMPAQUE,TOTAL_VENTA,ID_TIPO_EMPAQUE_FK,ID_TIPO_VENTA_FK,ID_VENTA_FK) values (480,'00000001',70,null,154,10780,16,null,435);
Insert into VENTA_PRODUCTO (ID_VENTA_PRODUCTO_PK,ID_SUBPRODUCTO_FK,PRECIO_PRODUCTO,KILOS_VENDIDOS,CANTIDAD_EMPAQUE,TOTAL_VENTA,ID_TIPO_EMPAQUE_FK,ID_TIPO_VENTA_FK,ID_VENTA_FK) values (481,'00000001',70,null,154,10780,16,null,436);
Insert into VENTA_PRODUCTO (ID_VENTA_PRODUCTO_PK,ID_SUBPRODUCTO_FK,PRECIO_PRODUCTO,KILOS_VENDIDOS,CANTIDAD_EMPAQUE,TOTAL_VENTA,ID_TIPO_EMPAQUE_FK,ID_TIPO_VENTA_FK,ID_VENTA_FK) values (482,'00000001',70,null,154,10780,16,null,437);
Insert into VENTA_PRODUCTO (ID_VENTA_PRODUCTO_PK,ID_SUBPRODUCTO_FK,PRECIO_PRODUCTO,KILOS_VENDIDOS,CANTIDAD_EMPAQUE,TOTAL_VENTA,ID_TIPO_EMPAQUE_FK,ID_TIPO_VENTA_FK,ID_VENTA_FK) values (483,'00000001',70,null,1545,108150,16,null,438);
Insert into VENTA_PRODUCTO (ID_VENTA_PRODUCTO_PK,ID_SUBPRODUCTO_FK,PRECIO_PRODUCTO,KILOS_VENDIDOS,CANTIDAD_EMPAQUE,TOTAL_VENTA,ID_TIPO_EMPAQUE_FK,ID_TIPO_VENTA_FK,ID_VENTA_FK) values (484,'00000001',70,null,45,3150,16,null,439);
Insert into VENTA_PRODUCTO (ID_VENTA_PRODUCTO_PK,ID_SUBPRODUCTO_FK,PRECIO_PRODUCTO,KILOS_VENDIDOS,CANTIDAD_EMPAQUE,TOTAL_VENTA,ID_TIPO_EMPAQUE_FK,ID_TIPO_VENTA_FK,ID_VENTA_FK) values (485,'00000001',70,null,454,31780,16,null,440);
Insert into VENTA_PRODUCTO (ID_VENTA_PRODUCTO_PK,ID_SUBPRODUCTO_FK,PRECIO_PRODUCTO,KILOS_VENDIDOS,CANTIDAD_EMPAQUE,TOTAL_VENTA,ID_TIPO_EMPAQUE_FK,ID_TIPO_VENTA_FK,ID_VENTA_FK) values (486,'00000001',70,null,154,10780,16,null,441);
Insert into VENTA_PRODUCTO (ID_VENTA_PRODUCTO_PK,ID_SUBPRODUCTO_FK,PRECIO_PRODUCTO,KILOS_VENDIDOS,CANTIDAD_EMPAQUE,TOTAL_VENTA,ID_TIPO_EMPAQUE_FK,ID_TIPO_VENTA_FK,ID_VENTA_FK) values (487,'00000001',70,null,154,10780,16,null,442);
Insert into VENTA_PRODUCTO (ID_VENTA_PRODUCTO_PK,ID_SUBPRODUCTO_FK,PRECIO_PRODUCTO,KILOS_VENDIDOS,CANTIDAD_EMPAQUE,TOTAL_VENTA,ID_TIPO_EMPAQUE_FK,ID_TIPO_VENTA_FK,ID_VENTA_FK) values (488,'00000001',70,null,178,12460,16,null,443);
Insert into VENTA_PRODUCTO (ID_VENTA_PRODUCTO_PK,ID_SUBPRODUCTO_FK,PRECIO_PRODUCTO,KILOS_VENDIDOS,CANTIDAD_EMPAQUE,TOTAL_VENTA,ID_TIPO_EMPAQUE_FK,ID_TIPO_VENTA_FK,ID_VENTA_FK) values (489,'00000001',70,null,1445,101150,16,null,444);
Insert into VENTA_PRODUCTO (ID_VENTA_PRODUCTO_PK,ID_SUBPRODUCTO_FK,PRECIO_PRODUCTO,KILOS_VENDIDOS,CANTIDAD_EMPAQUE,TOTAL_VENTA,ID_TIPO_EMPAQUE_FK,ID_TIPO_VENTA_FK,ID_VENTA_FK) values (490,'00000001',70,null,1445,101150,16,null,445);
Insert into VENTA_PRODUCTO (ID_VENTA_PRODUCTO_PK,ID_SUBPRODUCTO_FK,PRECIO_PRODUCTO,KILOS_VENDIDOS,CANTIDAD_EMPAQUE,TOTAL_VENTA,ID_TIPO_EMPAQUE_FK,ID_TIPO_VENTA_FK,ID_VENTA_FK) values (491,'00000001',70,null,154,10780,16,null,446);
Insert into VENTA_PRODUCTO (ID_VENTA_PRODUCTO_PK,ID_SUBPRODUCTO_FK,PRECIO_PRODUCTO,KILOS_VENDIDOS,CANTIDAD_EMPAQUE,TOTAL_VENTA,ID_TIPO_EMPAQUE_FK,ID_TIPO_VENTA_FK,ID_VENTA_FK) values (492,'00000001',70,null,154,10780,16,null,447);
Insert into VENTA_PRODUCTO (ID_VENTA_PRODUCTO_PK,ID_SUBPRODUCTO_FK,PRECIO_PRODUCTO,KILOS_VENDIDOS,CANTIDAD_EMPAQUE,TOTAL_VENTA,ID_TIPO_EMPAQUE_FK,ID_TIPO_VENTA_FK,ID_VENTA_FK) values (493,'00000001',70,null,14,980,16,null,448);
Insert into VENTA_PRODUCTO (ID_VENTA_PRODUCTO_PK,ID_SUBPRODUCTO_FK,PRECIO_PRODUCTO,KILOS_VENDIDOS,CANTIDAD_EMPAQUE,TOTAL_VENTA,ID_TIPO_EMPAQUE_FK,ID_TIPO_VENTA_FK,ID_VENTA_FK) values (494,'00000001',70,null,45,3150,16,null,449);
Insert into VENTA_PRODUCTO (ID_VENTA_PRODUCTO_PK,ID_SUBPRODUCTO_FK,PRECIO_PRODUCTO,KILOS_VENDIDOS,CANTIDAD_EMPAQUE,TOTAL_VENTA,ID_TIPO_EMPAQUE_FK,ID_TIPO_VENTA_FK,ID_VENTA_FK) values (495,'00000001',70,null,45,3150,16,null,450);
Insert into VENTA_PRODUCTO (ID_VENTA_PRODUCTO_PK,ID_SUBPRODUCTO_FK,PRECIO_PRODUCTO,KILOS_VENDIDOS,CANTIDAD_EMPAQUE,TOTAL_VENTA,ID_TIPO_EMPAQUE_FK,ID_TIPO_VENTA_FK,ID_VENTA_FK) values (496,'00000001',70,null,45,3150,16,null,451);
Insert into VENTA_PRODUCTO (ID_VENTA_PRODUCTO_PK,ID_SUBPRODUCTO_FK,PRECIO_PRODUCTO,KILOS_VENDIDOS,CANTIDAD_EMPAQUE,TOTAL_VENTA,ID_TIPO_EMPAQUE_FK,ID_TIPO_VENTA_FK,ID_VENTA_FK) values (497,'00000001',70,null,1445,101150,16,null,452);
Insert into VENTA_PRODUCTO (ID_VENTA_PRODUCTO_PK,ID_SUBPRODUCTO_FK,PRECIO_PRODUCTO,KILOS_VENDIDOS,CANTIDAD_EMPAQUE,TOTAL_VENTA,ID_TIPO_EMPAQUE_FK,ID_TIPO_VENTA_FK,ID_VENTA_FK) values (498,'00000001',70,null,1445,101150,16,null,453);
Insert into VENTA_PRODUCTO (ID_VENTA_PRODUCTO_PK,ID_SUBPRODUCTO_FK,PRECIO_PRODUCTO,KILOS_VENDIDOS,CANTIDAD_EMPAQUE,TOTAL_VENTA,ID_TIPO_EMPAQUE_FK,ID_TIPO_VENTA_FK,ID_VENTA_FK) values (499,'00010003',154,null,154,23716,16,null,453);
Insert into VENTA_PRODUCTO (ID_VENTA_PRODUCTO_PK,ID_SUBPRODUCTO_FK,PRECIO_PRODUCTO,KILOS_VENDIDOS,CANTIDAD_EMPAQUE,TOTAL_VENTA,ID_TIPO_EMPAQUE_FK,ID_TIPO_VENTA_FK,ID_VENTA_FK) values (500,'00000001',70,null,154,10780,16,null,454);
Insert into VENTA_PRODUCTO (ID_VENTA_PRODUCTO_PK,ID_SUBPRODUCTO_FK,PRECIO_PRODUCTO,KILOS_VENDIDOS,CANTIDAD_EMPAQUE,TOTAL_VENTA,ID_TIPO_EMPAQUE_FK,ID_TIPO_VENTA_FK,ID_VENTA_FK) values (501,'00000001',70,null,154,10780,16,null,455);
Insert into VENTA_PRODUCTO (ID_VENTA_PRODUCTO_PK,ID_SUBPRODUCTO_FK,PRECIO_PRODUCTO,KILOS_VENDIDOS,CANTIDAD_EMPAQUE,TOTAL_VENTA,ID_TIPO_EMPAQUE_FK,ID_TIPO_VENTA_FK,ID_VENTA_FK) values (502,'00000001',70,null,154,10780,16,null,456);
Insert into VENTA_PRODUCTO (ID_VENTA_PRODUCTO_PK,ID_SUBPRODUCTO_FK,PRECIO_PRODUCTO,KILOS_VENDIDOS,CANTIDAD_EMPAQUE,TOTAL_VENTA,ID_TIPO_EMPAQUE_FK,ID_TIPO_VENTA_FK,ID_VENTA_FK) values (503,'00010003',144,null,45,6480,16,null,457);
Insert into VENTA_PRODUCTO (ID_VENTA_PRODUCTO_PK,ID_SUBPRODUCTO_FK,PRECIO_PRODUCTO,KILOS_VENDIDOS,CANTIDAD_EMPAQUE,TOTAL_VENTA,ID_TIPO_EMPAQUE_FK,ID_TIPO_VENTA_FK,ID_VENTA_FK) values (504,'00010003',45,null,45,2025,16,null,458);
Insert into VENTA_PRODUCTO (ID_VENTA_PRODUCTO_PK,ID_SUBPRODUCTO_FK,PRECIO_PRODUCTO,KILOS_VENDIDOS,CANTIDAD_EMPAQUE,TOTAL_VENTA,ID_TIPO_EMPAQUE_FK,ID_TIPO_VENTA_FK,ID_VENTA_FK) values (505,'00000001',70,null,45,3150,16,null,459);
Insert into VENTA_PRODUCTO (ID_VENTA_PRODUCTO_PK,ID_SUBPRODUCTO_FK,PRECIO_PRODUCTO,KILOS_VENDIDOS,CANTIDAD_EMPAQUE,TOTAL_VENTA,ID_TIPO_EMPAQUE_FK,ID_TIPO_VENTA_FK,ID_VENTA_FK) values (506,'00000001',70,null,45,3150,16,null,460);
Insert into VENTA_PRODUCTO (ID_VENTA_PRODUCTO_PK,ID_SUBPRODUCTO_FK,PRECIO_PRODUCTO,KILOS_VENDIDOS,CANTIDAD_EMPAQUE,TOTAL_VENTA,ID_TIPO_EMPAQUE_FK,ID_TIPO_VENTA_FK,ID_VENTA_FK) values (507,'00000001',70,null,14,980,16,null,461);
Insert into VENTA_PRODUCTO (ID_VENTA_PRODUCTO_PK,ID_SUBPRODUCTO_FK,PRECIO_PRODUCTO,KILOS_VENDIDOS,CANTIDAD_EMPAQUE,TOTAL_VENTA,ID_TIPO_EMPAQUE_FK,ID_TIPO_VENTA_FK,ID_VENTA_FK) values (508,'00000001',70,null,14,980,16,null,462);
Insert into VENTA_PRODUCTO (ID_VENTA_PRODUCTO_PK,ID_SUBPRODUCTO_FK,PRECIO_PRODUCTO,KILOS_VENDIDOS,CANTIDAD_EMPAQUE,TOTAL_VENTA,ID_TIPO_EMPAQUE_FK,ID_TIPO_VENTA_FK,ID_VENTA_FK) values (522,'00000001',70,null,454,31780,16,null,476);
Insert into VENTA_PRODUCTO (ID_VENTA_PRODUCTO_PK,ID_SUBPRODUCTO_FK,PRECIO_PRODUCTO,KILOS_VENDIDOS,CANTIDAD_EMPAQUE,TOTAL_VENTA,ID_TIPO_EMPAQUE_FK,ID_TIPO_VENTA_FK,ID_VENTA_FK) values (509,'00000001',70,null,45,3150,16,null,463);
Insert into VENTA_PRODUCTO (ID_VENTA_PRODUCTO_PK,ID_SUBPRODUCTO_FK,PRECIO_PRODUCTO,KILOS_VENDIDOS,CANTIDAD_EMPAQUE,TOTAL_VENTA,ID_TIPO_EMPAQUE_FK,ID_TIPO_VENTA_FK,ID_VENTA_FK) values (510,'00000001',70,null,45,3150,16,null,464);
Insert into VENTA_PRODUCTO (ID_VENTA_PRODUCTO_PK,ID_SUBPRODUCTO_FK,PRECIO_PRODUCTO,KILOS_VENDIDOS,CANTIDAD_EMPAQUE,TOTAL_VENTA,ID_TIPO_EMPAQUE_FK,ID_TIPO_VENTA_FK,ID_VENTA_FK) values (444,'00010003',145,null,454,65830,16,null,401);
Insert into VENTA_PRODUCTO (ID_VENTA_PRODUCTO_PK,ID_SUBPRODUCTO_FK,PRECIO_PRODUCTO,KILOS_VENDIDOS,CANTIDAD_EMPAQUE,TOTAL_VENTA,ID_TIPO_EMPAQUE_FK,ID_TIPO_VENTA_FK,ID_VENTA_FK) values (511,'00000001',70,null,45,3150,16,null,465);
Insert into VENTA_PRODUCTO (ID_VENTA_PRODUCTO_PK,ID_SUBPRODUCTO_FK,PRECIO_PRODUCTO,KILOS_VENDIDOS,CANTIDAD_EMPAQUE,TOTAL_VENTA,ID_TIPO_EMPAQUE_FK,ID_TIPO_VENTA_FK,ID_VENTA_FK) values (512,'00000001',70,null,454,31780,16,null,466);
Insert into VENTA_PRODUCTO (ID_VENTA_PRODUCTO_PK,ID_SUBPRODUCTO_FK,PRECIO_PRODUCTO,KILOS_VENDIDOS,CANTIDAD_EMPAQUE,TOTAL_VENTA,ID_TIPO_EMPAQUE_FK,ID_TIPO_VENTA_FK,ID_VENTA_FK) values (513,'00000001',70,null,45,3150,16,null,467);
Insert into VENTA_PRODUCTO (ID_VENTA_PRODUCTO_PK,ID_SUBPRODUCTO_FK,PRECIO_PRODUCTO,KILOS_VENDIDOS,CANTIDAD_EMPAQUE,TOTAL_VENTA,ID_TIPO_EMPAQUE_FK,ID_TIPO_VENTA_FK,ID_VENTA_FK) values (514,'00000001',70,null,145,10150,16,null,468);
Insert into VENTA_PRODUCTO (ID_VENTA_PRODUCTO_PK,ID_SUBPRODUCTO_FK,PRECIO_PRODUCTO,KILOS_VENDIDOS,CANTIDAD_EMPAQUE,TOTAL_VENTA,ID_TIPO_EMPAQUE_FK,ID_TIPO_VENTA_FK,ID_VENTA_FK) values (515,'00010003',454,null,454,206116,16,null,469);
Insert into VENTA_PRODUCTO (ID_VENTA_PRODUCTO_PK,ID_SUBPRODUCTO_FK,PRECIO_PRODUCTO,KILOS_VENDIDOS,CANTIDAD_EMPAQUE,TOTAL_VENTA,ID_TIPO_EMPAQUE_FK,ID_TIPO_VENTA_FK,ID_VENTA_FK) values (516,'00000001',70,null,145,10150,16,null,470);
Insert into VENTA_PRODUCTO (ID_VENTA_PRODUCTO_PK,ID_SUBPRODUCTO_FK,PRECIO_PRODUCTO,KILOS_VENDIDOS,CANTIDAD_EMPAQUE,TOTAL_VENTA,ID_TIPO_EMPAQUE_FK,ID_TIPO_VENTA_FK,ID_VENTA_FK) values (517,'00000001',70,null,145,10150,16,null,471);
Insert into VENTA_PRODUCTO (ID_VENTA_PRODUCTO_PK,ID_SUBPRODUCTO_FK,PRECIO_PRODUCTO,KILOS_VENDIDOS,CANTIDAD_EMPAQUE,TOTAL_VENTA,ID_TIPO_EMPAQUE_FK,ID_TIPO_VENTA_FK,ID_VENTA_FK) values (518,'00000001',70,null,1455,101850,16,null,472);
Insert into VENTA_PRODUCTO (ID_VENTA_PRODUCTO_PK,ID_SUBPRODUCTO_FK,PRECIO_PRODUCTO,KILOS_VENDIDOS,CANTIDAD_EMPAQUE,TOTAL_VENTA,ID_TIPO_EMPAQUE_FK,ID_TIPO_VENTA_FK,ID_VENTA_FK) values (519,'00000001',70,null,145,10150,16,null,473);
Insert into VENTA_PRODUCTO (ID_VENTA_PRODUCTO_PK,ID_SUBPRODUCTO_FK,PRECIO_PRODUCTO,KILOS_VENDIDOS,CANTIDAD_EMPAQUE,TOTAL_VENTA,ID_TIPO_EMPAQUE_FK,ID_TIPO_VENTA_FK,ID_VENTA_FK) values (520,'00000001',70,null,451,31570,16,null,474);
Insert into VENTA_PRODUCTO (ID_VENTA_PRODUCTO_PK,ID_SUBPRODUCTO_FK,PRECIO_PRODUCTO,KILOS_VENDIDOS,CANTIDAD_EMPAQUE,TOTAL_VENTA,ID_TIPO_EMPAQUE_FK,ID_TIPO_VENTA_FK,ID_VENTA_FK) values (521,'00000001',70,null,45,3150,16,null,475);
Insert into VENTA_PRODUCTO (ID_VENTA_PRODUCTO_PK,ID_SUBPRODUCTO_FK,PRECIO_PRODUCTO,KILOS_VENDIDOS,CANTIDAD_EMPAQUE,TOTAL_VENTA,ID_TIPO_EMPAQUE_FK,ID_TIPO_VENTA_FK,ID_VENTA_FK) values (356,'00010003',175,null,15,2625,16,null,317);
Insert into VENTA_PRODUCTO (ID_VENTA_PRODUCTO_PK,ID_SUBPRODUCTO_FK,PRECIO_PRODUCTO,KILOS_VENDIDOS,CANTIDAD_EMPAQUE,TOTAL_VENTA,ID_TIPO_EMPAQUE_FK,ID_TIPO_VENTA_FK,ID_VENTA_FK) values (357,'00010003',175,null,15,2625,16,null,318);
Insert into VENTA_PRODUCTO (ID_VENTA_PRODUCTO_PK,ID_SUBPRODUCTO_FK,PRECIO_PRODUCTO,KILOS_VENDIDOS,CANTIDAD_EMPAQUE,TOTAL_VENTA,ID_TIPO_EMPAQUE_FK,ID_TIPO_VENTA_FK,ID_VENTA_FK) values (354,'00000001',70,null,175,12250,16,null,315);
Insert into VENTA_PRODUCTO (ID_VENTA_PRODUCTO_PK,ID_SUBPRODUCTO_FK,PRECIO_PRODUCTO,KILOS_VENDIDOS,CANTIDAD_EMPAQUE,TOTAL_VENTA,ID_TIPO_EMPAQUE_FK,ID_TIPO_VENTA_FK,ID_VENTA_FK) values (355,'00000001',70,null,1875,131250,16,null,316);
Insert into VENTA_PRODUCTO (ID_VENTA_PRODUCTO_PK,ID_SUBPRODUCTO_FK,PRECIO_PRODUCTO,KILOS_VENDIDOS,CANTIDAD_EMPAQUE,TOTAL_VENTA,ID_TIPO_EMPAQUE_FK,ID_TIPO_VENTA_FK,ID_VENTA_FK) values (358,'00010003',145,null,485,70325,16,null,319);
Insert into VENTA_PRODUCTO (ID_VENTA_PRODUCTO_PK,ID_SUBPRODUCTO_FK,PRECIO_PRODUCTO,KILOS_VENDIDOS,CANTIDAD_EMPAQUE,TOTAL_VENTA,ID_TIPO_EMPAQUE_FK,ID_TIPO_VENTA_FK,ID_VENTA_FK) values (359,'00000001',70,null,145,10150,16,null,320);
Insert into VENTA_PRODUCTO (ID_VENTA_PRODUCTO_PK,ID_SUBPRODUCTO_FK,PRECIO_PRODUCTO,KILOS_VENDIDOS,CANTIDAD_EMPAQUE,TOTAL_VENTA,ID_TIPO_EMPAQUE_FK,ID_TIPO_VENTA_FK,ID_VENTA_FK) values (360,'00000001',70,null,145,10150,16,null,321);
Insert into VENTA_PRODUCTO (ID_VENTA_PRODUCTO_PK,ID_SUBPRODUCTO_FK,PRECIO_PRODUCTO,KILOS_VENDIDOS,CANTIDAD_EMPAQUE,TOTAL_VENTA,ID_TIPO_EMPAQUE_FK,ID_TIPO_VENTA_FK,ID_VENTA_FK) values (361,'00010003',175,null,545,95375,16,null,322);
Insert into VENTA_PRODUCTO (ID_VENTA_PRODUCTO_PK,ID_SUBPRODUCTO_FK,PRECIO_PRODUCTO,KILOS_VENDIDOS,CANTIDAD_EMPAQUE,TOTAL_VENTA,ID_TIPO_EMPAQUE_FK,ID_TIPO_VENTA_FK,ID_VENTA_FK) values (362,'00010003',145,null,154,22330,16,null,323);
Insert into VENTA_PRODUCTO (ID_VENTA_PRODUCTO_PK,ID_SUBPRODUCTO_FK,PRECIO_PRODUCTO,KILOS_VENDIDOS,CANTIDAD_EMPAQUE,TOTAL_VENTA,ID_TIPO_EMPAQUE_FK,ID_TIPO_VENTA_FK,ID_VENTA_FK) values (363,'00010003',145,null,545,79025,16,null,324);
Insert into VENTA_PRODUCTO (ID_VENTA_PRODUCTO_PK,ID_SUBPRODUCTO_FK,PRECIO_PRODUCTO,KILOS_VENDIDOS,CANTIDAD_EMPAQUE,TOTAL_VENTA,ID_TIPO_EMPAQUE_FK,ID_TIPO_VENTA_FK,ID_VENTA_FK) values (364,'00010003',185,null,145,26825,16,null,325);
Insert into VENTA_PRODUCTO (ID_VENTA_PRODUCTO_PK,ID_SUBPRODUCTO_FK,PRECIO_PRODUCTO,KILOS_VENDIDOS,CANTIDAD_EMPAQUE,TOTAL_VENTA,ID_TIPO_EMPAQUE_FK,ID_TIPO_VENTA_FK,ID_VENTA_FK) values (365,'00010003',185,null,145,26825,16,null,326);
Insert into VENTA_PRODUCTO (ID_VENTA_PRODUCTO_PK,ID_SUBPRODUCTO_FK,PRECIO_PRODUCTO,KILOS_VENDIDOS,CANTIDAD_EMPAQUE,TOTAL_VENTA,ID_TIPO_EMPAQUE_FK,ID_TIPO_VENTA_FK,ID_VENTA_FK) values (366,'00000001',70,null,145,10150,16,null,327);
Insert into VENTA_PRODUCTO (ID_VENTA_PRODUCTO_PK,ID_SUBPRODUCTO_FK,PRECIO_PRODUCTO,KILOS_VENDIDOS,CANTIDAD_EMPAQUE,TOTAL_VENTA,ID_TIPO_EMPAQUE_FK,ID_TIPO_VENTA_FK,ID_VENTA_FK) values (367,'00000001',70,null,145,10150,16,null,328);
Insert into VENTA_PRODUCTO (ID_VENTA_PRODUCTO_PK,ID_SUBPRODUCTO_FK,PRECIO_PRODUCTO,KILOS_VENDIDOS,CANTIDAD_EMPAQUE,TOTAL_VENTA,ID_TIPO_EMPAQUE_FK,ID_TIPO_VENTA_FK,ID_VENTA_FK) values (368,'00010003',174,null,45,7830,16,null,329);
Insert into VENTA_PRODUCTO (ID_VENTA_PRODUCTO_PK,ID_SUBPRODUCTO_FK,PRECIO_PRODUCTO,KILOS_VENDIDOS,CANTIDAD_EMPAQUE,TOTAL_VENTA,ID_TIPO_EMPAQUE_FK,ID_TIPO_VENTA_FK,ID_VENTA_FK) values (369,'00000001',70,null,145,10150,16,null,330);
Insert into VENTA_PRODUCTO (ID_VENTA_PRODUCTO_PK,ID_SUBPRODUCTO_FK,PRECIO_PRODUCTO,KILOS_VENDIDOS,CANTIDAD_EMPAQUE,TOTAL_VENTA,ID_TIPO_EMPAQUE_FK,ID_TIPO_VENTA_FK,ID_VENTA_FK) values (427,'00000001',70,null,145,10150,16,null,384);
Insert into VENTA_PRODUCTO (ID_VENTA_PRODUCTO_PK,ID_SUBPRODUCTO_FK,PRECIO_PRODUCTO,KILOS_VENDIDOS,CANTIDAD_EMPAQUE,TOTAL_VENTA,ID_TIPO_EMPAQUE_FK,ID_TIPO_VENTA_FK,ID_VENTA_FK) values (449,'00010003',45,null,450,20250,16,null,406);
Insert into VENTA_PRODUCTO (ID_VENTA_PRODUCTO_PK,ID_SUBPRODUCTO_FK,PRECIO_PRODUCTO,KILOS_VENDIDOS,CANTIDAD_EMPAQUE,TOTAL_VENTA,ID_TIPO_EMPAQUE_FK,ID_TIPO_VENTA_FK,ID_VENTA_FK) values (450,'00010003',45,null,450,20250,16,null,407);
Insert into VENTA_PRODUCTO (ID_VENTA_PRODUCTO_PK,ID_SUBPRODUCTO_FK,PRECIO_PRODUCTO,KILOS_VENDIDOS,CANTIDAD_EMPAQUE,TOTAL_VENTA,ID_TIPO_EMPAQUE_FK,ID_TIPO_VENTA_FK,ID_VENTA_FK) values (451,'00010003',15454,null,454,7016116,16,null,408);
Insert into VENTA_PRODUCTO (ID_VENTA_PRODUCTO_PK,ID_SUBPRODUCTO_FK,PRECIO_PRODUCTO,KILOS_VENDIDOS,CANTIDAD_EMPAQUE,TOTAL_VENTA,ID_TIPO_EMPAQUE_FK,ID_TIPO_VENTA_FK,ID_VENTA_FK) values (452,'00010003',155,null,5454,845370,16,null,408);
Insert into VENTA_PRODUCTO (ID_VENTA_PRODUCTO_PK,ID_SUBPRODUCTO_FK,PRECIO_PRODUCTO,KILOS_VENDIDOS,CANTIDAD_EMPAQUE,TOTAL_VENTA,ID_TIPO_EMPAQUE_FK,ID_TIPO_VENTA_FK,ID_VENTA_FK) values (453,'00010003',15454,null,454,7016116,16,null,409);
Insert into VENTA_PRODUCTO (ID_VENTA_PRODUCTO_PK,ID_SUBPRODUCTO_FK,PRECIO_PRODUCTO,KILOS_VENDIDOS,CANTIDAD_EMPAQUE,TOTAL_VENTA,ID_TIPO_EMPAQUE_FK,ID_TIPO_VENTA_FK,ID_VENTA_FK) values (454,'00010003',155,null,5454,845370,16,null,409);
Insert into VENTA_PRODUCTO (ID_VENTA_PRODUCTO_PK,ID_SUBPRODUCTO_FK,PRECIO_PRODUCTO,KILOS_VENDIDOS,CANTIDAD_EMPAQUE,TOTAL_VENTA,ID_TIPO_EMPAQUE_FK,ID_TIPO_VENTA_FK,ID_VENTA_FK) values (523,'00000001',70,null,145,10150,16,null,477);
Insert into VENTA_PRODUCTO (ID_VENTA_PRODUCTO_PK,ID_SUBPRODUCTO_FK,PRECIO_PRODUCTO,KILOS_VENDIDOS,CANTIDAD_EMPAQUE,TOTAL_VENTA,ID_TIPO_EMPAQUE_FK,ID_TIPO_VENTA_FK,ID_VENTA_FK) values (524,'00000001',6,null,145,870,13,null,477);
Insert into VENTA_PRODUCTO (ID_VENTA_PRODUCTO_PK,ID_SUBPRODUCTO_FK,PRECIO_PRODUCTO,KILOS_VENDIDOS,CANTIDAD_EMPAQUE,TOTAL_VENTA,ID_TIPO_EMPAQUE_FK,ID_TIPO_VENTA_FK,ID_VENTA_FK) values (525,'00020001',100,null,150,15000,16,null,477);
Insert into VENTA_PRODUCTO (ID_VENTA_PRODUCTO_PK,ID_SUBPRODUCTO_FK,PRECIO_PRODUCTO,KILOS_VENDIDOS,CANTIDAD_EMPAQUE,TOTAL_VENTA,ID_TIPO_EMPAQUE_FK,ID_TIPO_VENTA_FK,ID_VENTA_FK) values (526,'00000001',70,null,478,33460,16,null,478);
Insert into VENTA_PRODUCTO (ID_VENTA_PRODUCTO_PK,ID_SUBPRODUCTO_FK,PRECIO_PRODUCTO,KILOS_VENDIDOS,CANTIDAD_EMPAQUE,TOTAL_VENTA,ID_TIPO_EMPAQUE_FK,ID_TIPO_VENTA_FK,ID_VENTA_FK) values (527,'00020001',10000,null,15,150000,12,null,478);
Insert into VENTA_PRODUCTO (ID_VENTA_PRODUCTO_PK,ID_SUBPRODUCTO_FK,PRECIO_PRODUCTO,KILOS_VENDIDOS,CANTIDAD_EMPAQUE,TOTAL_VENTA,ID_TIPO_EMPAQUE_FK,ID_TIPO_VENTA_FK,ID_VENTA_FK) values (528,'00000001',580,null,16,9280,13,null,478);
Insert into VENTA_PRODUCTO (ID_VENTA_PRODUCTO_PK,ID_SUBPRODUCTO_FK,PRECIO_PRODUCTO,KILOS_VENDIDOS,CANTIDAD_EMPAQUE,TOTAL_VENTA,ID_TIPO_EMPAQUE_FK,ID_TIPO_VENTA_FK,ID_VENTA_FK) values (529,'00000001',70,null,154,10780,16,null,479);
Insert into VENTA_PRODUCTO (ID_VENTA_PRODUCTO_PK,ID_SUBPRODUCTO_FK,PRECIO_PRODUCTO,KILOS_VENDIDOS,CANTIDAD_EMPAQUE,TOTAL_VENTA,ID_TIPO_EMPAQUE_FK,ID_TIPO_VENTA_FK,ID_VENTA_FK) values (530,'00000001',580,null,456,264480,13,null,479);
Insert into VENTA_PRODUCTO (ID_VENTA_PRODUCTO_PK,ID_SUBPRODUCTO_FK,PRECIO_PRODUCTO,KILOS_VENDIDOS,CANTIDAD_EMPAQUE,TOTAL_VENTA,ID_TIPO_EMPAQUE_FK,ID_TIPO_VENTA_FK,ID_VENTA_FK) values (531,'00000001',70,null,154,10780,16,null,480);
Insert into VENTA_PRODUCTO (ID_VENTA_PRODUCTO_PK,ID_SUBPRODUCTO_FK,PRECIO_PRODUCTO,KILOS_VENDIDOS,CANTIDAD_EMPAQUE,TOTAL_VENTA,ID_TIPO_EMPAQUE_FK,ID_TIPO_VENTA_FK,ID_VENTA_FK) values (532,'00000001',580,null,456,264480,13,null,480);
Insert into VENTA_PRODUCTO (ID_VENTA_PRODUCTO_PK,ID_SUBPRODUCTO_FK,PRECIO_PRODUCTO,KILOS_VENDIDOS,CANTIDAD_EMPAQUE,TOTAL_VENTA,ID_TIPO_EMPAQUE_FK,ID_TIPO_VENTA_FK,ID_VENTA_FK) values (533,'00000001',70,null,145,10150,16,null,481);
Insert into VENTA_PRODUCTO (ID_VENTA_PRODUCTO_PK,ID_SUBPRODUCTO_FK,PRECIO_PRODUCTO,KILOS_VENDIDOS,CANTIDAD_EMPAQUE,TOTAL_VENTA,ID_TIPO_EMPAQUE_FK,ID_TIPO_VENTA_FK,ID_VENTA_FK) values (534,'00000001',70,null,155,10850,16,null,482);
Insert into VENTA_PRODUCTO (ID_VENTA_PRODUCTO_PK,ID_SUBPRODUCTO_FK,PRECIO_PRODUCTO,KILOS_VENDIDOS,CANTIDAD_EMPAQUE,TOTAL_VENTA,ID_TIPO_EMPAQUE_FK,ID_TIPO_VENTA_FK,ID_VENTA_FK) values (535,'00010001',10,null,100,1000,16,null,482);
Insert into VENTA_PRODUCTO (ID_VENTA_PRODUCTO_PK,ID_SUBPRODUCTO_FK,PRECIO_PRODUCTO,KILOS_VENDIDOS,CANTIDAD_EMPAQUE,TOTAL_VENTA,ID_TIPO_EMPAQUE_FK,ID_TIPO_VENTA_FK,ID_VENTA_FK) values (536,'00000001',580,null,15,8700,13,null,482);
Insert into VENTA_PRODUCTO (ID_VENTA_PRODUCTO_PK,ID_SUBPRODUCTO_FK,PRECIO_PRODUCTO,KILOS_VENDIDOS,CANTIDAD_EMPAQUE,TOTAL_VENTA,ID_TIPO_EMPAQUE_FK,ID_TIPO_VENTA_FK,ID_VENTA_FK) values (537,'00000001',70,null,155,10850,16,null,483);
Insert into VENTA_PRODUCTO (ID_VENTA_PRODUCTO_PK,ID_SUBPRODUCTO_FK,PRECIO_PRODUCTO,KILOS_VENDIDOS,CANTIDAD_EMPAQUE,TOTAL_VENTA,ID_TIPO_EMPAQUE_FK,ID_TIPO_VENTA_FK,ID_VENTA_FK) values (538,'00010001',10,null,100,1000,16,null,483);
Insert into VENTA_PRODUCTO (ID_VENTA_PRODUCTO_PK,ID_SUBPRODUCTO_FK,PRECIO_PRODUCTO,KILOS_VENDIDOS,CANTIDAD_EMPAQUE,TOTAL_VENTA,ID_TIPO_EMPAQUE_FK,ID_TIPO_VENTA_FK,ID_VENTA_FK) values (539,'00000001',580,null,15,8700,13,null,483);
Insert into VENTA_PRODUCTO (ID_VENTA_PRODUCTO_PK,ID_SUBPRODUCTO_FK,PRECIO_PRODUCTO,KILOS_VENDIDOS,CANTIDAD_EMPAQUE,TOTAL_VENTA,ID_TIPO_EMPAQUE_FK,ID_TIPO_VENTA_FK,ID_VENTA_FK) values (540,'00000001',70,null,155,10850,16,null,484);
Insert into VENTA_PRODUCTO (ID_VENTA_PRODUCTO_PK,ID_SUBPRODUCTO_FK,PRECIO_PRODUCTO,KILOS_VENDIDOS,CANTIDAD_EMPAQUE,TOTAL_VENTA,ID_TIPO_EMPAQUE_FK,ID_TIPO_VENTA_FK,ID_VENTA_FK) values (541,'00010001',10,null,100,1000,16,null,484);
Insert into VENTA_PRODUCTO (ID_VENTA_PRODUCTO_PK,ID_SUBPRODUCTO_FK,PRECIO_PRODUCTO,KILOS_VENDIDOS,CANTIDAD_EMPAQUE,TOTAL_VENTA,ID_TIPO_EMPAQUE_FK,ID_TIPO_VENTA_FK,ID_VENTA_FK) values (542,'00000001',580,null,15,8700,13,null,484);
Insert into VENTA_PRODUCTO (ID_VENTA_PRODUCTO_PK,ID_SUBPRODUCTO_FK,PRECIO_PRODUCTO,KILOS_VENDIDOS,CANTIDAD_EMPAQUE,TOTAL_VENTA,ID_TIPO_EMPAQUE_FK,ID_TIPO_VENTA_FK,ID_VENTA_FK) values (543,'00000001',70,null,154,10780,16,null,485);
Insert into VENTA_PRODUCTO (ID_VENTA_PRODUCTO_PK,ID_SUBPRODUCTO_FK,PRECIO_PRODUCTO,KILOS_VENDIDOS,CANTIDAD_EMPAQUE,TOTAL_VENTA,ID_TIPO_EMPAQUE_FK,ID_TIPO_VENTA_FK,ID_VENTA_FK) values (544,'00000001',70,null,154,10780,16,null,486);
Insert into VENTA_PRODUCTO (ID_VENTA_PRODUCTO_PK,ID_SUBPRODUCTO_FK,PRECIO_PRODUCTO,KILOS_VENDIDOS,CANTIDAD_EMPAQUE,TOTAL_VENTA,ID_TIPO_EMPAQUE_FK,ID_TIPO_VENTA_FK,ID_VENTA_FK) values (545,'00000001',70,null,154,10780,16,null,487);
Insert into VENTA_PRODUCTO (ID_VENTA_PRODUCTO_PK,ID_SUBPRODUCTO_FK,PRECIO_PRODUCTO,KILOS_VENDIDOS,CANTIDAD_EMPAQUE,TOTAL_VENTA,ID_TIPO_EMPAQUE_FK,ID_TIPO_VENTA_FK,ID_VENTA_FK) values (546,'00000001',70,null,154,10780,16,null,488);
Insert into VENTA_PRODUCTO (ID_VENTA_PRODUCTO_PK,ID_SUBPRODUCTO_FK,PRECIO_PRODUCTO,KILOS_VENDIDOS,CANTIDAD_EMPAQUE,TOTAL_VENTA,ID_TIPO_EMPAQUE_FK,ID_TIPO_VENTA_FK,ID_VENTA_FK) values (547,'00000001',70,null,1547,108290,16,null,489);
Insert into VENTA_PRODUCTO (ID_VENTA_PRODUCTO_PK,ID_SUBPRODUCTO_FK,PRECIO_PRODUCTO,KILOS_VENDIDOS,CANTIDAD_EMPAQUE,TOTAL_VENTA,ID_TIPO_EMPAQUE_FK,ID_TIPO_VENTA_FK,ID_VENTA_FK) values (548,'00010003',1545,null,54545,84272025,16,null,490);
Insert into VENTA_PRODUCTO (ID_VENTA_PRODUCTO_PK,ID_SUBPRODUCTO_FK,PRECIO_PRODUCTO,KILOS_VENDIDOS,CANTIDAD_EMPAQUE,TOTAL_VENTA,ID_TIPO_EMPAQUE_FK,ID_TIPO_VENTA_FK,ID_VENTA_FK) values (549,'00010003',1545,null,54545,84272025,16,null,491);
Insert into VENTA_PRODUCTO (ID_VENTA_PRODUCTO_PK,ID_SUBPRODUCTO_FK,PRECIO_PRODUCTO,KILOS_VENDIDOS,CANTIDAD_EMPAQUE,TOTAL_VENTA,ID_TIPO_EMPAQUE_FK,ID_TIPO_VENTA_FK,ID_VENTA_FK) values (550,'00010003',1545,null,54545,84272025,16,null,492);
Insert into VENTA_PRODUCTO (ID_VENTA_PRODUCTO_PK,ID_SUBPRODUCTO_FK,PRECIO_PRODUCTO,KILOS_VENDIDOS,CANTIDAD_EMPAQUE,TOTAL_VENTA,ID_TIPO_EMPAQUE_FK,ID_TIPO_VENTA_FK,ID_VENTA_FK) values (551,'00000001',70,null,45451,3181570,16,null,493);
Insert into VENTA_PRODUCTO (ID_VENTA_PRODUCTO_PK,ID_SUBPRODUCTO_FK,PRECIO_PRODUCTO,KILOS_VENDIDOS,CANTIDAD_EMPAQUE,TOTAL_VENTA,ID_TIPO_EMPAQUE_FK,ID_TIPO_VENTA_FK,ID_VENTA_FK) values (552,'00000001',70,null,45451,3181570,16,null,494);
Insert into VENTA_PRODUCTO (ID_VENTA_PRODUCTO_PK,ID_SUBPRODUCTO_FK,PRECIO_PRODUCTO,KILOS_VENDIDOS,CANTIDAD_EMPAQUE,TOTAL_VENTA,ID_TIPO_EMPAQUE_FK,ID_TIPO_VENTA_FK,ID_VENTA_FK) values (553,'00010003',1454,null,445,647030,16,null,494);
--------------------------------------------------------
--  iNSERTS USUARIOS---

Insert into USUARIO (ID_USUARIO_PK,NOMBRE_USUARIO,APATERNO_USUARIO,AMATERNO_USUARIO,CONTRASENA_USUARIO,SEXO_USUARIO,TELEFONO_MOVIL_USUARIO,TELEFONO_FIJO_USUARIO,ID_NEXTEL_USUARIO,CORREO_USUARIO,NUMERO_INTERIOR_USUARIO,NUMERO_EXTERIO_USUARIO,REFERENCIA_DIRECION_USUARIO,CALLE_USUARIO,COLONIA_USUARIO,DIAS_CREDITO_USUARIO,RFC_USUARIO,CREDITO_LIMITE_USUARIO,CLAVE_USUARIO,SITIO_WEB,ID_MUNICIPIO_FK,ID_ROL_FK,RAZON_SOCIAL_USUARIO,FECHA_ALTA_USUARIO,LATITUD_USUARIO,LONGITUD_USUARIO) values (53,'Juan            ','de la Cruz','Hernández','12345678',null,null,null,null,null,null,null,null,null,null,null,'CUHJ090507N19',null,'shugua',null,null,null,null,null,null,null);
Insert into USUARIO (ID_USUARIO_PK,NOMBRE_USUARIO,APATERNO_USUARIO,AMATERNO_USUARIO,CONTRASENA_USUARIO,SEXO_USUARIO,TELEFONO_MOVIL_USUARIO,TELEFONO_FIJO_USUARIO,ID_NEXTEL_USUARIO,CORREO_USUARIO,NUMERO_INTERIOR_USUARIO,NUMERO_EXTERIO_USUARIO,REFERENCIA_DIRECION_USUARIO,CALLE_USUARIO,COLONIA_USUARIO,DIAS_CREDITO_USUARIO,RFC_USUARIO,CREDITO_LIMITE_USUARIO,CLAVE_USUARIO,SITIO_WEB,ID_MUNICIPIO_FK,ID_ROL_FK,RAZON_SOCIAL_USUARIO,FECHA_ALTA_USUARIO,LATITUD_USUARIO,LONGITUD_USUARIO) values (33,'Fidencio','Torres','Reynoso','admin','M',null,null,null,null,null,null,null,null,null,null,null,null,'admin',null,null,null,null,null,null,null);
---INSERTS TIPO_ EMPAQUE
Insert into TIPO_EMPAQUE (ID_TIPO_EMPAQUE_PK,NOMBRE_EMPAQUE,ESTATUS_EMPAQUE) values (15,'Cajas Antuco 10 kilos','1');
Insert into TIPO_EMPAQUE (ID_TIPO_EMPAQUE_PK,NOMBRE_EMPAQUE,ESTATUS_EMPAQUE) values (36,'Nuevo Empaques','1');
Insert into TIPO_EMPAQUE (ID_TIPO_EMPAQUE_PK,NOMBRE_EMPAQUE,ESTATUS_EMPAQUE) values (16,'Kilos','1');
Insert into TIPO_EMPAQUE (ID_TIPO_EMPAQUE_PK,NOMBRE_EMPAQUE,ESTATUS_EMPAQUE) values (12,'Arpia','1');
Insert into TIPO_EMPAQUE (ID_TIPO_EMPAQUE_PK,NOMBRE_EMPAQUE,ESTATUS_EMPAQUE) values (13,'Cajas','1');
Insert into TIPO_EMPAQUE (ID_TIPO_EMPAQUE_PK,NOMBRE_EMPAQUE,ESTATUS_EMPAQUE) values (14,'Sacos de Yute','1');
-------INSERTS SUBPRODUCTO------
Insert into SUBPRODUCTO (ID_SUBPRODUCTO_PK,NOMBRE_SUBPRODUCTO,DESCRIPCION_SUBPRODUCTO,URL_IMAGEN_SUBPRODUCTO,ID_PRODUCTO_FK) values ('00010003','Jitomates Grande num 8',null,null,'0001');
Insert into SUBPRODUCTO (ID_SUBPRODUCTO_PK,NOMBRE_SUBPRODUCTO,DESCRIPCION_SUBPRODUCTO,URL_IMAGEN_SUBPRODUCTO,ID_PRODUCTO_FK) values ('00040001','Test Nuevo',null,null,'0004');
Insert into SUBPRODUCTO (ID_SUBPRODUCTO_PK,NOMBRE_SUBPRODUCTO,DESCRIPCION_SUBPRODUCTO,URL_IMAGEN_SUBPRODUCTO,ID_PRODUCTO_FK) values ('00000001','Ajo Morado',null,null,'0000');
Insert into SUBPRODUCTO (ID_SUBPRODUCTO_PK,NOMBRE_SUBPRODUCTO,DESCRIPCION_SUBPRODUCTO,URL_IMAGEN_SUBPRODUCTO,ID_PRODUCTO_FK) values ('00010001','Jitomate Chico',null,null,'0001');
Insert into SUBPRODUCTO (ID_SUBPRODUCTO_PK,NOMBRE_SUBPRODUCTO,DESCRIPCION_SUBPRODUCTO,URL_IMAGEN_SUBPRODUCTO,ID_PRODUCTO_FK) values ('00010002','Jitomate Grande',null,null,'0001');
Insert into SUBPRODUCTO (ID_SUBPRODUCTO_PK,NOMBRE_SUBPRODUCTO,DESCRIPCION_SUBPRODUCTO,URL_IMAGEN_SUBPRODUCTO,ID_PRODUCTO_FK) values ('00020001','Chiles Secos Guajillo',null,null,'0002');
Insert into SUBPRODUCTO (ID_SUBPRODUCTO_PK,NOMBRE_SUBPRODUCTO,DESCRIPCION_SUBPRODUCTO,URL_IMAGEN_SUBPRODUCTO,ID_PRODUCTO_FK) values ('00020002','Chiles Secos de Arbol',null,null,'0002');
----INSERTS STATUS_VENTA
Insert into STATUS_VENTA (ID_STATUS_PK,NOMBRE_STATUS,DESCRIPCION_STATUS) values (1,'Vendido','Se hizo una venta aun no pagada');
Insert into STATUS_VENTA (ID_STATUS_PK,NOMBRE_STATUS,DESCRIPCION_STATUS) values (2,'Pagado','Se ha realizado el pago en caja.');
-----INSERTS STATUS
Insert into STATUS (ID_PK,STATUS,DESCRIPCION_STATUS) values (1,'1','ACTIVO');
Insert into STATUS (ID_PK,STATUS,DESCRIPCION_STATUS) values (2,'2','INACTIVO');
--INSERTS ROL
Insert into ROL (ID_ROL_PK,NOMBRE_ROL,DESCRIPCION_ROL) values (1,'MarcoGante','Administrador del sistema');
---INSERTS MANTENIMIENTO PRECIOS
Insert into MANTENIMIENTO_PRECIO (ID_SUBPRODUCTO_FK,ID_TIPO_EMPAQUE_FK,PRECIO_VENTA,PRECIO_MINIMO,PRECIO_MAXIMO) values (null,13,12,121,123);
Insert into MANTENIMIENTO_PRECIO (ID_SUBPRODUCTO_FK,ID_TIPO_EMPAQUE_FK,PRECIO_VENTA,PRECIO_MINIMO,PRECIO_MAXIMO) values ('00000001',12,156,156,182);
Insert into MANTENIMIENTO_PRECIO (ID_SUBPRODUCTO_FK,ID_TIPO_EMPAQUE_FK,PRECIO_VENTA,PRECIO_MINIMO,PRECIO_MAXIMO) values (null,12,156,156,182);
Insert into MANTENIMIENTO_PRECIO (ID_SUBPRODUCTO_FK,ID_TIPO_EMPAQUE_FK,PRECIO_VENTA,PRECIO_MINIMO,PRECIO_MAXIMO) values (null,12,156,156,182);
Insert into MANTENIMIENTO_PRECIO (ID_SUBPRODUCTO_FK,ID_TIPO_EMPAQUE_FK,PRECIO_VENTA,PRECIO_MINIMO,PRECIO_MAXIMO) values ('00000001',13,6,7,8);
Insert into MANTENIMIENTO_PRECIO (ID_SUBPRODUCTO_FK,ID_TIPO_EMPAQUE_FK,PRECIO_VENTA,PRECIO_MINIMO,PRECIO_MAXIMO) values ('00000001',16,70,65,85);
Insert into MANTENIMIENTO_PRECIO (ID_SUBPRODUCTO_FK,ID_TIPO_EMPAQUE_FK,PRECIO_VENTA,PRECIO_MINIMO,PRECIO_MAXIMO) values (null,12,580,550,620);
Insert into MANTENIMIENTO_PRECIO (ID_SUBPRODUCTO_FK,ID_TIPO_EMPAQUE_FK,PRECIO_VENTA,PRECIO_MINIMO,PRECIO_MAXIMO) values (null,13,480,450,560);
Insert into MANTENIMIENTO_PRECIO (ID_SUBPRODUCTO_FK,ID_TIPO_EMPAQUE_FK,PRECIO_VENTA,PRECIO_MINIMO,PRECIO_MAXIMO) values (null,15,580,500,620);
Insert into MANTENIMIENTO_PRECIO (ID_SUBPRODUCTO_FK,ID_TIPO_EMPAQUE_FK,PRECIO_VENTA,PRECIO_MINIMO,PRECIO_MAXIMO) values (null,12,1500,1500,1500);
----INSERTS CORREOS
Insert into CORREOS (ID_PK,ID_CLIENTE_FK,CORREO,TIPO) values (32,133,'brendita@hotmail.com','Personal');
Insert into CORREOS (ID_PK,ID_CLIENTE_FK,CORREO,TIPO) values (27,128,'james@yahoo.com.mx','Personal');
Insert into CORREOS (ID_PK,ID_CLIENTE_FK,CORREO,TIPO) values (28,128,'hetfield@yahoo.com.mx','Trabajo');
Insert into CORREOS (ID_PK,ID_CLIENTE_FK,CORREO,TIPO) values (1,116,'florencia@gmail.com','Personal');
Insert into CORREOS (ID_PK,ID_CLIENTE_FK,CORREO,TIPO) values (31,1,'Juan@com.mx','Trabajo');
--------------------------------------------------------
--  INSERTS CLIENTES
Insert into CLIENTE (ID_CLIENTE,NOMBRE,APELLIDO_PATERNO,APELLIDO_MATERNO,EMPRESA,CALLE,SEXO,FECHA_NACIMIENTO,TELEFONO_MOVIL,TELEFONO_FIJO,EXTENSION,NUM_INT,NUM_EXT,CLAVECELULAR,LADACELULAR,ID_CP,CALLEFISCAL,NUMINTFIS,NUMEXTFIS,ID_CP_FISCAL,NEXTEL,RAZON,RFC,LADAOFICINA,CLAVEOFICINA,NEXTELCLAVE,STATUS) values (1,'Juan','De la Cruz','Hernandez','Chonajos Salvajes','Vicente Manzano','M',to_date('13/03/16','DD/MM/RR'),38109380,51205802,123,5,4,56,44,1,'calle fiscal',9,8,9000,null,'CHONAJOS S.A de C.v','SDFDS456','1','55',null,1);
Insert into CLIENTE (ID_CLIENTE,NOMBRE,APELLIDO_PATERNO,APELLIDO_MATERNO,EMPRESA,CALLE,SEXO,FECHA_NACIMIENTO,TELEFONO_MOVIL,TELEFONO_FIJO,EXTENSION,NUM_INT,NUM_EXT,CLAVECELULAR,LADACELULAR,ID_CP,CALLEFISCAL,NUMINTFIS,NUMEXTFIS,ID_CP_FISCAL,NEXTEL,RAZON,RFC,LADAOFICINA,CLAVEOFICINA,NEXTELCLAVE,STATUS) values (133,'Brenda','Sanchez',null,null,null,'F',null,0,0,0,0,0,0,0,100000,null,0,0,100000,null,null,null,'0','0',null,1);
Insert into CLIENTE (ID_CLIENTE,NOMBRE,APELLIDO_PATERNO,APELLIDO_MATERNO,EMPRESA,CALLE,SEXO,FECHA_NACIMIENTO,TELEFONO_MOVIL,TELEFONO_FIJO,EXTENSION,NUM_INT,NUM_EXT,CLAVECELULAR,LADACELULAR,ID_CP,CALLEFISCAL,NUMINTFIS,NUMEXTFIS,ID_CP_FISCAL,NEXTEL,RAZON,RFC,LADAOFICINA,CLAVEOFICINA,NEXTELCLAVE,STATUS) values (128,'James','Hetfield',null,null,null,'M',null,0,0,0,0,0,0,0,100000,null,0,0,100000,null,null,null,'0','0',null,1);
Insert into CLIENTE (ID_CLIENTE,NOMBRE,APELLIDO_PATERNO,APELLIDO_MATERNO,EMPRESA,CALLE,SEXO,FECHA_NACIMIENTO,TELEFONO_MOVIL,TELEFONO_FIJO,EXTENSION,NUM_INT,NUM_EXT,CLAVECELULAR,LADACELULAR,ID_CP,CALLEFISCAL,NUMINTFIS,NUMEXTFIS,ID_CP_FISCAL,NEXTEL,RAZON,RFC,LADAOFICINA,CLAVEOFICINA,NEXTELCLAVE,STATUS) values (129,'Pepitop','Paletas',null,null,null,'M',null,0,0,0,0,0,0,0,100000,null,0,0,100000,null,null,null,'0','0',null,1);
Insert into CLIENTE (ID_CLIENTE,NOMBRE,APELLIDO_PATERNO,APELLIDO_MATERNO,EMPRESA,CALLE,SEXO,FECHA_NACIMIENTO,TELEFONO_MOVIL,TELEFONO_FIJO,EXTENSION,NUM_INT,NUM_EXT,CLAVECELULAR,LADACELULAR,ID_CP,CALLEFISCAL,NUMINTFIS,NUMEXTFIS,ID_CP_FISCAL,NEXTEL,RAZON,RFC,LADAOFICINA,CLAVEOFICINA,NEXTELCLAVE,STATUS) values (134,'Leonardo','Marquez',null,null,null,'M',null,0,0,0,0,0,0,0,100000,null,0,0,100000,null,null,null,'0','0',null,1);
Insert into CLIENTE (ID_CLIENTE,NOMBRE,APELLIDO_PATERNO,APELLIDO_MATERNO,EMPRESA,CALLE,SEXO,FECHA_NACIMIENTO,TELEFONO_MOVIL,TELEFONO_FIJO,EXTENSION,NUM_INT,NUM_EXT,CLAVECELULAR,LADACELULAR,ID_CP,CALLEFISCAL,NUMINTFIS,NUMEXTFIS,ID_CP_FISCAL,NEXTEL,RAZON,RFC,LADAOFICINA,CLAVEOFICINA,NEXTELCLAVE,STATUS) values (84,'Felipe','Guzman',null,null,null,'M',null,0,0,0,0,0,0,0,1,null,0,0,1,null,null,null,'0','0',null,2);
Insert into CLIENTE (ID_CLIENTE,NOMBRE,APELLIDO_PATERNO,APELLIDO_MATERNO,EMPRESA,CALLE,SEXO,FECHA_NACIMIENTO,TELEFONO_MOVIL,TELEFONO_FIJO,EXTENSION,NUM_INT,NUM_EXT,CLAVECELULAR,LADACELULAR,ID_CP,CALLEFISCAL,NUMINTFIS,NUMEXTFIS,ID_CP_FISCAL,NEXTEL,RAZON,RFC,LADAOFICINA,CLAVEOFICINA,NEXTELCLAVE,STATUS) values (116,'sandra','Guzman',null,null,null,'M',null,0,0,0,0,0,0,0,100000,null,0,0,100000,null,null,null,'0','0',null,1);
-----
